version,dR,dz,K,d0,iso,reweight,zeta,depth,trees,lr,reg_lambda,mcw,n_feat,n_train,n_holdout,auc_train,auc_holdout,path,gap
1.1,5.0,15.0,10,both,True,True,False,3,200,0.1,1.0,1.0,105,465378,114607,0.9782026908980676,0.9720170654630348,/nfs/ihfs/home_metis/suzunyan/projects/muonisolation/output/muonbdt_dr5.0_dz15.0_K10_d0on_iso_rw_v1.1_nMAX/summary.csv,0.00618562543503276
1.1,5.0,15.0,10,muon-off,True,True,False,3,200,0.1,1.0,1.0,104,465378,114607,0.9776358581689963,0.9713165500605702,/nfs/ihfs/home_metis/suzunyan/projects/muonisolation/output/muonbdt_dr5.0_dz15.0_K10_d0muOFF_iso_rw_v1.1_nMAX/summary.csv,0.00631930810842618
1.1,5.0,15.0,10,none,True,True,False,3,200,0.1,1.0,1.0,84,465378,114607,0.9771121674865073,0.971213717756382,/nfs/ihfs/home_metis/suzunyan/projects/muonisolation/output/muonbdt_dr5.0_dz15.0_K10_d0off_iso_rw_v1.1_nMAX/summary.csv,0.005898449730125321
1.1,3.0,15.0,10,both,True,True,False,3,200,0.1,1.0,1.0,105,465378,114607,0.9633012039127283,0.954263031288788,/nfs/ihfs/home_metis/suzunyan/projects/muonisolation/output/muonbdt_dr3.0_dz15.0_K10_d0on_iso_rw_v1.1_nMAX/summary.csv,0.009038172623940355
1.1,3.0,15.0,10,muon-off,True,True,False,3,200,0.1,1.0,1.0,104,465378,114607,0.9620928834277126,0.9526811666791637,/nfs/ihfs/home_metis/suzunyan/projects/muonisolation/output/muonbdt_dr3.0_dz15.0_K10_d0muOFF_iso_rw_v1.1_nMAX/summary.csv,0.009411716748548904
1.1,3.0,15.0,10,none,True,True,False,3,200,0.1,1.0,1.0,84,465378,114607,0.9614042930905824,0.9520775937495592,/nfs/ihfs/home_metis/suzunyan/projects/muonisolation/output/muonbdt_dr3.0_dz15.0_K10_d0off_iso_rw_v1.1_nMAX/summary.csv,0.009326699341023148
1.1,2.0,15.0,10,both,True,True,False,3,200,0.1,1.0,1.0,105,465378,114607,0.9442908808041854,0.9314410727838496,/nfs/ihfs/home_metis/suzunyan/projects/muonisolation/output/muonbdt_dr2.0_dz15.0_K10_d0on_iso_rw_v1.1_nMAX/summary.csv,0.012849808020335862
1.1,1.9,15.0,10,both,True,True,False,3,200,0.1,1.0,1.0,105,465378,114607,0.9423980909418734,0.9297044074717088,/nfs/ihfs/home_metis/suzunyan/projects/muonisolation/output/muonbdt_dr1.9_dz15.0_K10_d0on_iso_rw_v1.1_nMAX/summary.csv,0.01269368347016464
1.1,2.0,15.0,10,none,True,True,False,3,200,0.1,1.0,1.0,84,465378,114607,0.9418611838353873,0.929545658745358,/nfs/ihfs/home_metis/suzunyan/projects/muonisolation/output/muonbdt_dr2.0_dz15.0_K10_d0off_iso_rw_v1.1_nMAX/summary.csv,0.012315525090029311
1.1,2.0,15.0,10,muon-off,True,True,False,3,200,0.1,1.0,1.0,104,465378,114607,0.9425138182066554,0.9293526445118424,/nfs/ihfs/home_metis/suzunyan/projects/muonisolation/output/muonbdt_dr2.0_dz15.0_K10_d0muOFF_iso_rw_v1.1_nMAX/summary.csv,0.013161173694812955
1.1,1.9,15.0,10,none,True,True,False,3,200,0.1,1.0,1.0,84,465378,114607,0.9400755926976542,0.9273911613083246,/nfs/ihfs/home_metis/suzunyan/projects/muonisolation/output/muonbdt_dr1.9_dz15.0_K10_d0off_iso_rw_v1.1_nMAX/summary.csv,0.01268443138932962
1.1,1.9,15.0,10,muon-off,True,True,False,3,200,0.1,1.0,1.0,104,465378,114607,0.9399690744581187,0.9262149149975917,/nfs/ihfs/home_metis/suzunyan/projects/muonisolation/output/muonbdt_dr1.9_dz15.0_K10_d0muOFF_iso_rw_v1.1_nMAX/summary.csv,0.013754159460527049
1.1,1.8,15.0,10,both,True,True,False,3,200,0.1,1.0,1.0,105,465378,114607,0.939806185260692,0.9261976892090065,/nfs/ihfs/home_metis/suzunyan/projects/muonisolation/output/muonbdt_dr1.8_dz15.0_K10_d0on_iso_rw_v1.1_nMAX/summary.csv,0.01360849605168557
1.1,1.7,15.0,10,both,True,True,False,3,200,0.1,1.0,1.0,105,465378,114607,0.9374808330046124,0.9244605754204424,/nfs/ihfs/home_metis/suzunyan/projects/muonisolation/output/muonbdt_dr1.7_dz15.0_K10_d0on_iso_rw_v1.1_nMAX/summary.csv,0.013020257584170025
1.1,1.8,15.0,10,muon-off,True,True,False,3,200,0.1,1.0,1.0,104,465378,114607,0.9377199998449105,0.9230835142490406,/nfs/ihfs/home_metis/suzunyan/projects/muonisolation/output/muonbdt_dr1.8_dz15.0_K10_d0muOFF_iso_rw_v1.1_nMAX/summary.csv,0.014636485595869941
1.1,1.8,15.0,10,none,True,True,False,3,200,0.1,1.0,1.0,84,465378,114607,0.9373100653417487,0.9225011055898045,/nfs/ihfs/home_metis/suzunyan/projects/muonisolation/output/muonbdt_dr1.8_dz15.0_K10_d0off_iso_rw_v1.1_nMAX/summary.csv,0.014808959751944184
1.1,1.6,15.0,10,both,True,True,False,3,200,0.1,1.0,1.0,105,465378,114607,0.9348196221547915,0.9209404028650354,/nfs/ihfs/home_metis/suzunyan/projects/muonisolation/output/muonbdt_dr1.6_dz15.0_K10_d0on_iso_rw_v1.1_nMAX/summary.csv,0.013879219289756106
1.1,1.7,15.0,10,none,True,True,False,3,200,0.1,1.0,1.0,84,465378,114607,0.9345487802929671,0.9202385611174032,/nfs/ihfs/home_metis/suzunyan/projects/muonisolation/output/muonbdt_dr1.7_dz15.0_K10_d0off_iso_rw_v1.1_nMAX/summary.csv,0.014310219175563854
1.1,1.7,15.0,10,muon-off,True,True,False,3,200,0.1,1.0,1.0,104,465378,114607,0.9352655177656499,0.9202269341275728,/nfs/ihfs/home_metis/suzunyan/projects/muonisolation/output/muonbdt_dr1.7_dz15.0_K10_d0muOFF_iso_rw_v1.1_nMAX/summary.csv,0.015038583638077085
1.1,1.5,15.0,10,both,True,True,False,3,200,0.1,1.0,1.0,105,465378,114607,0.9319258412911807,0.9170685746978418,/nfs/ihfs/home_metis/suzunyan/projects/muonisolation/output/muonbdt_dr1.5_dz15.0_K10_d0on_iso_rw_v1.1_nMAX/summary.csv,0.01485726659333897
1.1,1.6,15.0,10,muon-off,True,True,False,3,200,0.1,1.0,1.0,104,465378,114607,0.9326210463777848,0.9167385055922052,/nfs/ihfs/home_metis/suzunyan/projects/muonisolation/output/muonbdt_dr1.6_dz15.0_K10_d0muOFF_iso_rw_v1.1_nMAX/summary.csv,0.015882540785579602
1.1,1.6,15.0,10,none,True,True,False,3,200,0.1,1.0,1.0,84,465378,114607,0.9318129310170522,0.9164636277128123,/nfs/ihfs/home_metis/suzunyan/projects/muonisolation/output/muonbdt_dr1.6_dz15.0_K10_d0off_iso_rw_v1.1_nMAX/summary.csv,0.015349303304239892
1.1,1.5,15.0,10,none,True,True,False,3,200,0.1,1.0,1.0,84,465378,114607,0.9291975297974528,0.9136284360999245,/nfs/ihfs/home_metis/suzunyan/projects/muonisolation/output/muonbdt_dr1.5_dz15.0_K10_d0off_iso_rw_v1.1_nMAX/summary.csv,0.015569093697528347
1.1,1.4,15.0,10,both,True,True,False,3,200,0.1,1.0,1.0,105,465378,114607,0.9291979160226641,0.9135066842929987,/nfs/ihfs/home_metis/suzunyan/projects/muonisolation/output/muonbdt_dr1.4_dz15.0_K10_d0on_iso_rw_v1.1_nMAX/summary.csv,0.015691231729665356
1.1,1.5,15.0,10,muon-off,True,True,False,3,200,0.1,1.0,1.0,104,465378,114607,0.929600973102074,0.9119037222073673,/nfs/ihfs/home_metis/suzunyan/projects/muonisolation/output/muonbdt_dr1.5_dz15.0_K10_d0muOFF_iso_rw_v1.1_nMAX/summary.csv,0.01769725089470675
1.1,1.4,15.0,10,none,True,True,False,3,200,0.1,1.0,1.0,84,465378,114607,0.9264580095456608,0.910102438122038,/nfs/ihfs/home_metis/suzunyan/projects/muonisolation/output/muonbdt_dr1.4_dz15.0_K10_d0off_iso_rw_v1.1_nMAX/summary.csv,0.016355571423622872
1.1,1.3,15.0,10,both,True,True,False,3,200,0.1,1.0,1.0,105,465378,114607,0.9256909790570585,0.909688544478928,/nfs/ihfs/home_metis/suzunyan/projects/muonisolation/output/muonbdt_dr1.3_dz15.0_K10_d0on_iso_rw_v1.1_nMAX/summary.csv,0.016002434578130553
1.1,1.4,15.0,10,muon-off,True,True,False,3,200,0.1,1.0,1.0,104,465378,114607,0.9264862958045589,0.9088759099705909,/nfs/ihfs/home_metis/suzunyan/projects/muonisolation/output/muonbdt_dr1.4_dz15.0_K10_d0muOFF_iso_rw_v1.1_nMAX/summary.csv,0.017610385833968012
1.1,1.2,15.0,10,both,True,True,False,3,200,0.1,1.0,1.0,105,465378,114607,0.9228662713919052,0.9064226318149976,/nfs/ihfs/home_metis/suzunyan/projects/muonisolation/output/muonbdt_dr1.2_dz15.0_K10_d0on_iso_rw_v1.1_nMAX/summary.csv,0.016443639576907643
1.1,1.3,15.0,10,none,True,True,False,3,200,0.1,1.0,1.0,84,465378,114607,0.9226276666275518,0.9053595637778609,/nfs/ihfs/home_metis/suzunyan/projects/muonisolation/output/muonbdt_dr1.3_dz15.0_K10_d0off_iso_rw_v1.1_nMAX/summary.csv,0.017268102849690936
1.1,1.3,15.0,10,muon-off,True,True,False,3,200,0.1,1.0,1.0,104,465378,114607,0.9230136675080125,0.9044095976779074,/nfs/ihfs/home_metis/suzunyan/projects/muonisolation/output/muonbdt_dr1.3_dz15.0_K10_d0muOFF_iso_rw_v1.1_nMAX/summary.csv,0.018604069830105097
1.1,1.1,15.0,10,both,True,True,False,3,200,0.1,1.0,1.0,105,465378,114607,0.9197603140577393,0.903520874850402,/nfs/ihfs/home_metis/suzunyan/projects/muonisolation/output/muonbdt_dr1.1_dz15.0_K10_d0on_iso_rw_v1.1_nMAX/summary.csv,0.01623943920733728
1.1,1.2,15.0,10,none,True,True,False,3,200,0.1,1.0,1.0,84,465378,114607,0.9189942257000918,0.902713180739262,/nfs/ihfs/home_metis/suzunyan/projects/muonisolation/output/muonbdt_dr1.2_dz15.0_K10_d0off_iso_rw_v1.1_nMAX/summary.csv,0.016281044960829827
1.1,1.0,15.0,10,both,True,True,True,3,200,0.1,1.0,1.0,155,465378,114607,0.9194715455578719,0.9023939466331757,/nfs/ihfs/home_metis/suzunyan/projects/muonisolation/output/muonbdt_dr1.0_dz15.0_K10_d0on_iso_zeta_rw_v1.1_nMAX/summary.csv,0.01707759892469618
1.0,1.0,15.0,10,both,True,True,False,3,200,0.1,1.0,1.0,105,465378,114607,0.9173972222069305,0.9012841678681223,/nfs/ihfs/home_metis/suzunyan/projects/muonisolation/output/muonbdt_scan_dr1.0_dz15.0_K10_d0on_iso_rw_v1.0_nMAX/cfg01_d3_n200_lr0.1_L1.0_mcw1.0/summary.csv,0.016113054338808275
1.1,1.2,15.0,10,muon-off,True,True,False,3,200,0.1,1.0,1.0,104,465378,114607,0.9189417365332845,0.9004650686198509,/nfs/ihfs/home_metis/suzunyan/projects/muonisolation/output/muonbdt_dr1.2_dz15.0_K10_d0muOFF_iso_rw_v1.1_nMAX/summary.csv,0.01847666791343361
1.0,1.0,15.0,10,both,True,True,False,2,400,0.1,1.0,1.0,105,465378,114607,0.9124433834974841,0.9003931740323448,/nfs/ihfs/home_metis/suzunyan/projects/muonisolation/output/muonbdt_scan_dr1.0_dz15.0_K10_d0on_iso_rw_v1.0_nMAX/cfg00_d2_n400_lr0.1_L1.0_mcw1.0/summary.csv,0.01205020946513935
1.0,1.0,25.0,10,both,True,True,False,3,200,0.1,1.0,1.0,105,465378,114607,0.9161779745894615,0.9003489179971929,/nfs/ihfs/home_metis/suzunyan/projects/muonisolation/output/muonbdt_scan_dr1.0_dz25.0_K10_d0on_iso_rw_v1.0_nMAX/cfg01_d3_n200_lr0.1_L1.0_mcw1.0/summary.csv,0.01582905659226863
1.0,1.0,10.0,10,both,True,True,False,3,200,0.1,1.0,1.0,105,465378,114607,0.9165427175108857,0.9002198975324884,/nfs/ihfs/home_metis/suzunyan/projects/muonisolation/output/muonbdt_scan_dr1.0_dz10.0_K10_d0on_iso_rw_v1.0_nMAX/cfg01_d3_n200_lr0.1_L1.0_mcw1.0/summary.csv,0.01632281997839724
1.0,1.0,35.0,10,both,True,True,False,3,200,0.1,1.0,1.0,105,465378,114607,0.9163197668407203,0.8999759931524711,/nfs/ihfs/home_metis/suzunyan/projects/muonisolation/output/muonbdt_scan_dr1.0_dz35.0_K10_d0on_iso_rw_v1.0_nMAX/cfg01_d3_n200_lr0.1_L1.0_mcw1.0/summary.csv,0.01634377368824913
1.0,1.0,25.0,10,both,True,True,False,2,400,0.1,1.0,1.0,105,465378,114607,0.9119624395279738,0.8999585812938804,/nfs/ihfs/home_metis/suzunyan/projects/muonisolation/output/muonbdt_scan_dr1.0_dz25.0_K10_d0on_iso_rw_v1.0_nMAX/cfg00_d2_n400_lr0.1_L1.0_mcw1.0/summary.csv,0.012003858234093445
1.0,1.0,20.0,10,both,True,True,False,3,200,0.1,1.0,1.0,105,465378,114607,0.9170123466536358,0.8998472231666204,/nfs/ihfs/home_metis/suzunyan/projects/muonisolation/output/muonbdt_scan_dr1.0_dz20.0_K10_d0on_iso_rw_v1.0_nMAX/cfg01_d3_n200_lr0.1_L1.0_mcw1.0/summary.csv,0.017165123487015488
1.0,1.0,30.0,10,both,True,True,False,3,200,0.1,1.0,1.0,105,465378,114607,0.9158314477178968,0.899698999323144,/nfs/ihfs/home_metis/suzunyan/projects/muonisolation/output/muonbdt_scan_dr1.0_dz30.0_K10_d0on_iso_rw_v1.0_nMAX/cfg01_d3_n200_lr0.1_L1.0_mcw1.0/summary.csv,0.016132448394752807
1.0,1.0,10.0,10,both,True,True,False,2,400,0.1,1.0,1.0,105,465378,114607,0.9118254283011648,0.8995029936564631,/nfs/ihfs/home_metis/suzunyan/projects/muonisolation/output/muonbdt_scan_dr1.0_dz10.0_K10_d0on_iso_rw_v1.0_nMAX/cfg00_d2_n400_lr0.1_L1.0_mcw1.0/summary.csv,0.012322434644701619
1.0,1.0,20.0,10,both,True,True,False,2,400,0.1,1.0,1.0,105,465378,114607,0.9119513058406908,0.8988584781691122,/nfs/ihfs/home_metis/suzunyan/projects/muonisolation/output/muonbdt_scan_dr1.0_dz20.0_K10_d0on_iso_rw_v1.0_nMAX/cfg00_d2_n400_lr0.1_L1.0_mcw1.0/summary.csv,0.0130928276715786
1.1,1.1,15.0,10,none,True,True,False,3,200,0.1,1.0,1.0,84,465378,114607,0.91620812850949,0.8986516398883939,/nfs/ihfs/home_metis/suzunyan/projects/muonisolation/output/muonbdt_dr1.1_dz15.0_K10_d0off_iso_rw_v1.1_nMAX/summary.csv,0.017556488621096045
1.0,1.0,35.0,10,both,True,True,False,2,400,0.1,1.0,1.0,105,465378,114607,0.9106669216131109,0.8986437032870059,/nfs/ihfs/home_metis/suzunyan/projects/muonisolation/output/muonbdt_scan_dr1.0_dz35.0_K10_d0on_iso_rw_v1.0_nMAX/cfg00_d2_n400_lr0.1_L1.0_mcw1.0/summary.csv,0.012023218326104979
1.0,1.0,30.0,10,both,True,True,False,2,400,0.1,1.0,1.0,105,465378,114607,0.9105509194805578,0.8985050381936834,/nfs/ihfs/home_metis/suzunyan/projects/muonisolation/output/muonbdt_scan_dr1.0_dz30.0_K10_d0on_iso_rw_v1.0_nMAX/cfg00_d2_n400_lr0.1_L1.0_mcw1.0/summary.csv,0.012045881286874338
1.0,0.9,15.0,10,both,True,True,False,3,200,0.1,1.0,1.0,105,465378,114607,0.9141640838047865,0.8984267623591943,/nfs/ihfs/home_metis/suzunyan/projects/muonisolation/output/muonbdt_scan_dr0.9_dz15.0_K10_d0on_iso_rw_v1.0_nMAX/cfg01_d3_n200_lr0.1_L1.0_mcw1.0/summary.csv,0.015737321445592256
1.1,1.1,15.0,10,muon-off,True,True,False,3,200,0.1,1.0,1.0,104,465378,114607,0.9164035114553745,0.8981750812071527,/nfs/ihfs/home_metis/suzunyan/projects/muonisolation/output/muonbdt_dr1.1_dz15.0_K10_d0muOFF_iso_rw_v1.1_nMAX/summary.csv,0.01822843024822174
1.0,0.9,10.0,10,both,True,True,False,3,200,0.1,1.0,1.0,105,465378,114607,0.9133230861198318,0.8976797986352308,/nfs/ihfs/home_metis/suzunyan/projects/muonisolation/output/muonbdt_scan_dr0.9_dz10.0_K10_d0on_iso_rw_v1.0_nMAX/cfg01_d3_n200_lr0.1_L1.0_mcw1.0/summary.csv,0.015643287484600976
1.0,0.9,10.0,10,both,True,True,False,2,400,0.1,1.0,1.0,105,465378,114607,0.9091238362759662,0.8969073146943606,/nfs/ihfs/home_metis/suzunyan/projects/muonisolation/output/muonbdt_scan_dr0.9_dz10.0_K10_d0on_iso_rw_v1.0_nMAX/cfg00_d2_n400_lr0.1_L1.0_mcw1.0/summary.csv,0.012216521581605577
1.0,0.9,15.0,10,both,True,True,False,2,400,0.1,1.0,1.0,105,465378,114607,0.9093032447179304,0.8966747701267296,/nfs/ihfs/home_metis/suzunyan/projects/muonisolation/output/muonbdt_scan_dr0.9_dz15.0_K10_d0on_iso_rw_v1.0_nMAX/cfg00_d2_n400_lr0.1_L1.0_mcw1.0/summary.csv,0.012628474591200867
1.0,0.9,30.0,10,both,True,True,False,3,200,0.1,1.0,1.0,105,465378,114607,0.9122504026696789,0.896512586261816,/nfs/ihfs/home_metis/suzunyan/projects/muonisolation/output/muonbdt_scan_dr0.9_dz30.0_K10_d0on_iso_rw_v1.0_nMAX/cfg01_d3_n200_lr0.1_L1.0_mcw1.0/summary.csv,0.01573781640786298
1.0,1.0,25.0,10,none,True,True,False,3,200,0.1,1.0,1.0,84,465378,114607,0.9129399557051012,0.8962245904470361,/nfs/ihfs/home_metis/suzunyan/projects/muonisolation/output/muonbdt_scan_dr1.0_dz25.0_K10_d0off_iso_rw_v1.0_nMAX/cfg01_d3_n200_lr0.1_L1.0_mcw1.0/summary.csv,0.016715365258065162
1.0,0.9,20.0,10,both,True,True,False,3,200,0.1,1.0,1.0,105,465378,114607,0.9136251690323672,0.896149549368027,/nfs/ihfs/home_metis/suzunyan/projects/muonisolation/output/muonbdt_scan_dr0.9_dz20.0_K10_d0on_iso_rw_v1.0_nMAX/cfg01_d3_n200_lr0.1_L1.0_mcw1.0/summary.csv,0.017475619664340192
1.0,1.0,15.0,10,none,True,True,False,3,200,0.1,1.0,1.0,84,465378,114607,0.9131321205972565,0.8958945213413995,/nfs/ihfs/home_metis/suzunyan/projects/muonisolation/output/muonbdt_scan_dr1.0_dz15.0_K10_d0off_iso_rw_v1.0_nMAX/cfg01_d3_n200_lr0.1_L1.0_mcw1.0/summary.csv,0.017237599255856995
1.0,0.9,20.0,10,both,True,True,False,2,400,0.1,1.0,1.0,105,465378,114607,0.9085497701612992,0.8958801581682831,/nfs/ihfs/home_metis/suzunyan/projects/muonisolation/output/muonbdt_scan_dr0.9_dz20.0_K10_d0on_iso_rw_v1.0_nMAX/cfg00_d2_n400_lr0.1_L1.0_mcw1.0/summary.csv,0.012669611993016083
1.0,0.9,35.0,10,both,True,True,False,3,200,0.1,1.0,1.0,105,465378,114607,0.9118367842625994,0.8958743756850357,/nfs/ihfs/home_metis/suzunyan/projects/muonisolation/output/muonbdt_scan_dr0.9_dz35.0_K10_d0on_iso_rw_v1.0_nMAX/cfg01_d3_n200_lr0.1_L1.0_mcw1.0/summary.csv,0.015962408577563703
1.0,0.9,25.0,10,both,True,True,False,2,400,0.1,1.0,1.0,105,465378,114607,0.9086298548182927,0.8955641731307545,/nfs/ihfs/home_metis/suzunyan/projects/muonisolation/output/muonbdt_scan_dr0.9_dz25.0_K10_d0on_iso_rw_v1.0_nMAX/cfg00_d2_n400_lr0.1_L1.0_mcw1.0/summary.csv,0.013065681687538189
1.0,1.0,15.0,10,muon-off,True,True,False,3,200,0.1,1.0,1.0,104,465378,114607,0.9131666151068987,0.8955543639017471,/nfs/ihfs/home_metis/suzunyan/projects/muonisolation/output/muonbdt_scan_dr1.0_dz15.0_K10_d0muOFF_iso_rw_v1.0_nMAX/cfg01_d3_n200_lr0.1_L1.0_mcw1.0/summary.csv,0.01761225120515153
1.0,1.0,20.0,10,none,True,True,False,3,200,0.1,1.0,1.0,84,465378,114607,0.9129787169088527,0.8955397263946486,/nfs/ihfs/home_metis/suzunyan/projects/muonisolation/output/muonbdt_scan_dr1.0_dz20.0_K10_d0off_iso_rw_v1.0_nMAX/cfg01_d3_n200_lr0.1_L1.0_mcw1.0/summary.csv,0.017438990514204056
1.0,0.9,25.0,10,both,True,True,False,3,200,0.1,1.0,1.0,105,465378,114607,0.9121646355512267,0.8954728413842136,/nfs/ihfs/home_metis/suzunyan/projects/muonisolation/output/muonbdt_scan_dr0.9_dz25.0_K10_d0on_iso_rw_v1.0_nMAX/cfg01_d3_n200_lr0.1_L1.0_mcw1.0/summary.csv,0.016691794167013163
1.0,1.0,15.0,10,none,True,True,False,2,400,0.1,1.0,1.0,84,465378,114607,0.9084746528100669,0.8954637024843285,/nfs/ihfs/home_metis/suzunyan/projects/muonisolation/output/muonbdt_scan_dr1.0_dz15.0_K10_d0off_iso_rw_v1.0_nMAX/cfg00_d2_n400_lr0.1_L1.0_mcw1.0/summary.csv,0.013010950325738402
1.0,1.0,30.0,10,none,True,True,False,3,200,0.1,1.0,1.0,84,465378,114607,0.912165166335437,0.8952553160057438,/nfs/ihfs/home_metis/suzunyan/projects/muonisolation/output/muonbdt_scan_dr1.0_dz30.0_K10_d0off_iso_rw_v1.0_nMAX/cfg01_d3_n200_lr0.1_L1.0_mcw1.0/summary.csv,0.016909850329693166
1.0,1.0,5.0,10,both,True,True,False,3,200,0.1,1.0,1.0,105,465378,114607,0.9118152849311695,0.8951526411454065,/nfs/ihfs/home_metis/suzunyan/projects/muonisolation/output/muonbdt_scan_dr1.0_dz5.0_K10_d0on_iso_rw_v1.0_nMAX/cfg01_d3_n200_lr0.1_L1.0_mcw1.0/summary.csv,0.016662643785762987
1.0,0.9,35.0,10,both,True,True,False,2,400,0.1,1.0,1.0,105,465378,114607,0.9066818979218654,0.8950796611495353,/nfs/ihfs/home_metis/suzunyan/projects/muonisolation/output/muonbdt_scan_dr0.9_dz35.0_K10_d0on_iso_rw_v1.0_nMAX/cfg00_d2_n400_lr0.1_L1.0_mcw1.0/summary.csv,0.011602236772330077
1.0,1.0,10.0,10,none,True,True,False,3,200,0.1,1.0,1.0,84,465378,114607,0.9115698773731163,0.8950455173035278,/nfs/ihfs/home_metis/suzunyan/projects/muonisolation/output/muonbdt_scan_dr1.0_dz10.0_K10_d0off_iso_rw_v1.0_nMAX/cfg01_d3_n200_lr0.1_L1.0_mcw1.0/summary.csv,0.016524360069588573
1.0,0.5,10.0,10,both,True,False,False,3,200,0.1,1.0,1.0,105,465378,114607,0.9102311213328245,0.8950376546530392,/nfs/ihfs/home_metis/suzunyan/projects/muonisolation/output/muonbdt_scan_dr0.5_dz10.0_K10_d0on_iso_norw_v1.0_nMAX/cfg01_d3_n200_lr0.1_L1.0_mcw1.0/summary.csv,0.015193466679785272
1.0,1.0,20.0,10,none,True,True,False,2,400,0.1,1.0,1.0,84,465378,114607,0.9082007818201965,0.8949578664033773,/nfs/ihfs/home_metis/suzunyan/projects/muonisolation/output/muonbdt_scan_dr1.0_dz20.0_K10_d0off_iso_rw_v1.0_nMAX/cfg00_d2_n400_lr0.1_L1.0_mcw1.0/summary.csv,0.013242915416819212
1.0,1.0,25.0,10,none,True,True,False,2,400,0.1,1.0,1.0,84,465378,114607,0.9079850432337416,0.8949144452977371,/nfs/ihfs/home_metis/suzunyan/projects/muonisolation/output/muonbdt_scan_dr1.0_dz25.0_K10_d0off_iso_rw_v1.0_nMAX/cfg00_d2_n400_lr0.1_L1.0_mcw1.0/summary.csv,0.013070597936004513
1.0,1.0,35.0,10,none,True,True,False,3,200,0.1,1.0,1.0,84,465378,114607,0.9125688956729552,0.8948929422845386,/nfs/ihfs/home_metis/suzunyan/projects/muonisolation/output/muonbdt_scan_dr1.0_dz35.0_K10_d0off_iso_rw_v1.0_nMAX/cfg01_d3_n200_lr0.1_L1.0_mcw1.0/summary.csv,0.017675953388416543
1.0,0.5,10.0,10,both,True,False,False,4,200,0.1,1.0,1.0,105,465378,114607,0.9284000114634111,0.8948725580768858,/nfs/ihfs/home_metis/suzunyan/projects/muonisolation/output/muonbdt_scan_dr0.5_dz10.0_K10_d0on_iso_norw_v1.0_nMAX/cfg02_d4_n200_lr0.1_L1.0_mcw1.0/summary.csv,0.0335274533865253
1.0,0.9,30.0,10,both,True,True,False,2,400,0.1,1.0,1.0,105,465378,114607,0.9074418591228414,0.8948049812677122,/nfs/ihfs/home_metis/suzunyan/projects/muonisolation/output/muonbdt_scan_dr0.9_dz30.0_K10_d0on_iso_rw_v1.0_nMAX/cfg00_d2_n400_lr0.1_L1.0_mcw1.0/summary.csv,0.012636877855129125
1.0,1.0,5.0,10,both,True,True,False,2,400,0.1,1.0,1.0,105,465378,114607,0.9068854615261348,0.8947263070525704,/nfs/ihfs/home_metis/suzunyan/projects/muonisolation/output/muonbdt_scan_dr1.0_dz5.0_K10_d0on_iso_rw_v1.0_nMAX/cfg00_d2_n400_lr0.1_L1.0_mcw1.0/summary.csv,0.012159154473564415
1.0,1.0,10.0,10,none,True,True,False,2,400,0.1,1.0,1.0,84,465378,114607,0.9072969047903924,0.8945272884831081,/nfs/ihfs/home_metis/suzunyan/projects/muonisolation/output/muonbdt_scan_dr1.0_dz10.0_K10_d0off_iso_rw_v1.0_nMAX/cfg00_d2_n400_lr0.1_L1.0_mcw1.0/summary.csv,0.012769616307284237
1.0,1.0,20.0,10,muon-off,True,True,False,3,200,0.1,1.0,1.0,104,465378,114607,0.9131985924682825,0.8944904633206113,/nfs/ihfs/home_metis/suzunyan/projects/muonisolation/output/muonbdt_scan_dr1.0_dz20.0_K10_d0muOFF_iso_rw_v1.0_nMAX/cfg01_d3_n200_lr0.1_L1.0_mcw1.0/summary.csv,0.01870812914767117
1.0,1.0,25.0,10,muon-off,True,True,False,2,400,0.1,1.0,1.0,104,465378,114607,0.9081197341710916,0.8942408671068365,/nfs/ihfs/home_metis/suzunyan/projects/muonisolation/output/muonbdt_scan_dr1.0_dz25.0_K10_d0muOFF_iso_rw_v1.0_nMAX/cfg00_d2_n400_lr0.1_L1.0_mcw1.0/summary.csv,0.013878867064255118
1.0,0.8,10.0,10,both,True,True,False,3,200,0.1,1.0,1.0,105,465378,114607,0.9108726584503782,0.894230401861784,/nfs/ihfs/home_metis/suzunyan/projects/muonisolation/output/muonbdt_scan_dr0.8_dz10.0_K10_d0on_iso_rw_v1.0_nMAX/cfg01_d3_n200_lr0.1_L1.0_mcw1.0/summary.csv,0.016642256588594195
1.0,1.0,30.0,10,muon-off,True,True,False,3,200,0.1,1.0,1.0,104,465378,114607,0.9122442179244631,0.8941840513463137,/nfs/ihfs/home_metis/suzunyan/projects/muonisolation/output/muonbdt_scan_dr1.0_dz30.0_K10_d0muOFF_iso_rw_v1.0_nMAX/cfg01_d3_n200_lr0.1_L1.0_mcw1.0/summary.csv,0.01806016657814935
1.0,0.8,15.0,10,both,True,True,False,3,200,0.1,1.0,1.0,105,465378,114607,0.9102847759331052,0.8939702592955183,/nfs/ihfs/home_metis/suzunyan/projects/muonisolation/output/muonbdt_scan_dr0.8_dz15.0_K10_d0on_iso_rw_v1.0_nMAX/cfg01_d3_n200_lr0.1_L1.0_mcw1.0/summary.csv,0.016314516637586873
1.0,1.0,25.0,10,muon-off,True,True,False,3,200,0.1,1.0,1.0,104,465378,114607,0.9126077060914064,0.8939586824014588,/nfs/ihfs/home_metis/suzunyan/projects/muonisolation/output/muonbdt_scan_dr1.0_dz25.0_K10_d0muOFF_iso_rw_v1.0_nMAX/cfg01_d3_n200_lr0.1_L1.0_mcw1.0/summary.csv,0.018649023689947586
1.0,1.0,10.0,10,muon-off,True,True,False,3,200,0.1,1.0,1.0,104,465378,114607,0.9117194699339306,0.8939235915068335,/nfs/ihfs/home_metis/suzunyan/projects/muonisolation/output/muonbdt_scan_dr1.0_dz10.0_K10_d0muOFF_iso_rw_v1.0_nMAX/cfg01_d3_n200_lr0.1_L1.0_mcw1.0/summary.csv,0.017795878427097067
1.0,1.0,10.0,10,muon-off,True,True,False,2,400,0.1,1.0,1.0,104,465378,114607,0.9073350830570426,0.8939102469477219,/nfs/ihfs/home_metis/suzunyan/projects/muonisolation/output/muonbdt_scan_dr1.0_dz10.0_K10_d0muOFF_iso_rw_v1.0_nMAX/cfg00_d2_n400_lr0.1_L1.0_mcw1.0/summary.csv,0.01342483610932066
1.0*,0.5,15.0,10,both,True,False,False,3,200,0.1,1.0,1.0,105,465378,114607,0.9103458377129812,0.893856761363195,/nfs/ihfs/home_metis/suzunyan/projects/muonisolation/output/muonbdt_scan_dr0.5_dz15.0_K10_d0on_iso_norw_nMAX/cfg00_d3_n200_lr0.1_L1.0_mcw1.0/summary.csv,0.016489076349786136
1.0,0.5,15.0,10,both,True,False,False,2,2000,0.03,1.0,1.0,105,465378,114607,0.9119819191468874,0.8938270426436002,/nfs/ihfs/home_metis/suzunyan/projects/muonisolation/output/muonbdt_scan_dr0.5_dz15.0_K10_d0on_iso_norw_v1.0_nMAX/cfg05_d2_n2000_lr0.03_L1.0_mcw1.0/summary.csv,0.018154876503287176
1.0,1.0,35.0,10,muon-off,True,True,False,3,200,0.1,1.0,1.0,104,465378,114607,0.9123068495798083,0.8937528889753865,/nfs/ihfs/home_metis/suzunyan/projects/muonisolation/output/muonbdt_scan_dr1.0_dz35.0_K10_d0muOFF_iso_rw_v1.0_nMAX/cfg01_d3_n200_lr0.1_L1.0_mcw1.0/summary.csv,0.018553960604421826
1.0,1.0,15.0,10,muon-off,True,True,False,2,400,0.1,1.0,1.0,104,465378,114607,0.9083832712492785,0.8937055126893733,/nfs/ihfs/home_metis/suzunyan/projects/muonisolation/output/muonbdt_scan_dr1.0_dz15.0_K10_d0muOFF_iso_rw_v1.0_nMAX/cfg00_d2_n400_lr0.1_L1.0_mcw1.0/summary.csv,0.014677758559905274
1.0*,0.5,15.0,10,both,True,False,False,4,200,0.1,1.0,1.0,105,465378,114607,0.9295706254083469,0.8936712591097727,/nfs/ihfs/home_metis/suzunyan/projects/muonisolation/output/muonbdt_scan_dr0.5_dz15.0_K10_d0on_iso_norw_nMAX/cfg01_d4_n200_lr0.1_L1.0_mcw1.0/summary.csv,0.035899366298574154
1.0,0.5,15.0,10,both,True,False,False,2,800,0.05,1.0,1.0,105,465378,114607,0.9050116213799835,0.8935448364686066,/nfs/ihfs/home_metis/suzunyan/projects/muonisolation/output/muonbdt_scan_dr0.5_dz15.0_K10_d0on_iso_norw_v1.0_nMAX/cfg03_d2_n800_lr0.05_L1.0_mcw1.0/summary.csv,0.01146678491137687
1.0,0.8,15.0,10,both,True,True,False,2,400,0.1,1.0,1.0,105,465378,114607,0.9056035164378414,0.8934652295179243,/nfs/ihfs/home_metis/suzunyan/projects/muonisolation/output/muonbdt_scan_dr0.8_dz15.0_K10_d0on_iso_rw_v1.0_nMAX/cfg00_d2_n400_lr0.1_L1.0_mcw1.0/summary.csv,0.01213828691991714
1.0,0.5,15.0,10,both,True,False,False,2,1500,0.03,1.0,1.0,105,465378,114607,0.9071049433679662,0.8934634594673593,/nfs/ihfs/home_metis/suzunyan/projects/muonisolation/output/muonbdt_scan_dr0.5_dz15.0_K10_d0on_iso_norw_v1.0_nMAX/cfg04_d2_n1500_lr0.03_L1.0_mcw1.0/summary.csv,0.013641483900606932
1.0,1.0,20.0,10,muon-off,True,True,False,2,400,0.1,1.0,1.0,104,465378,114607,0.9080526219213301,0.8934350599363932,/nfs/ihfs/home_metis/suzunyan/projects/muonisolation/output/muonbdt_scan_dr1.0_dz20.0_K10_d0muOFF_iso_rw_v1.0_nMAX/cfg00_d2_n400_lr0.1_L1.0_mcw1.0/summary.csv,0.014617561984936911
1.0,0.5,10.0,10,both,True,False,False,2,400,0.1,1.0,1.0,105,465378,114607,0.9050955531574066,0.8933223396812722,/nfs/ihfs/home_metis/suzunyan/projects/muonisolation/output/muonbdt_scan_dr0.5_dz10.0_K10_d0on_iso_norw_v1.0_nMAX/cfg00_d2_n400_lr0.1_L1.0_mcw1.0/summary.csv,0.01177321347613447
1.0,0.9,5.0,10,both,True,True,False,3,200,0.1,1.0,1.0,105,465378,114607,0.9097782930602227,0.8932689423607223,/nfs/ihfs/home_metis/suzunyan/projects/muonisolation/output/muonbdt_scan_dr0.9_dz5.0_K10_d0on_iso_rw_v1.0_nMAX/cfg01_d3_n200_lr0.1_L1.0_mcw1.0/summary.csv,0.016509350699500436
1.0,1.0,30.0,10,none,True,True,False,2,400,0.1,1.0,1.0,84,465378,114607,0.906836955811821,0.8930973953577117,/nfs/ihfs/home_metis/suzunyan/projects/muonisolation/output/muonbdt_scan_dr1.0_dz30.0_K10_d0off_iso_rw_v1.0_nMAX/cfg00_d2_n400_lr0.1_L1.0_mcw1.0/summary.csv,0.01373956045410929
1.0,0.8,10.0,10,both,True,True,False,2,400,0.1,1.0,1.0,105,465378,114607,0.9057356423344192,0.8930310757138318,/nfs/ihfs/home_metis/suzunyan/projects/muonisolation/output/muonbdt_scan_dr0.8_dz10.0_K10_d0on_iso_rw_v1.0_nMAX/cfg00_d2_n400_lr0.1_L1.0_mcw1.0/summary.csv,0.012704566620587388
1.0,1.0,35.0,10,none,True,True,False,2,400,0.1,1.0,1.0,84,465378,114607,0.9066967810347262,0.8929552688851848,/nfs/ihfs/home_metis/suzunyan/projects/muonisolation/output/muonbdt_scan_dr1.0_dz35.0_K10_d0off_iso_rw_v1.0_nMAX/cfg00_d2_n400_lr0.1_L1.0_mcw1.0/summary.csv,0.013741512149541335
1.0,0.5,15.0,10,both,True,False,False,2,400,0.1,1.0,1.0,105,465378,114607,0.9050611125635699,0.8924160976470962,/nfs/ihfs/home_metis/suzunyan/projects/muonisolation/output/muonbdt_scan_dr0.5_dz15.0_K10_d0on_iso_norw_v1.0_nMAX/cfg02_d2_n400_lr0.1_L1.0_mcw1.0/summary.csv,0.01264501491647374
1.0,1.0,35.0,10,muon-off,True,True,False,2,400,0.1,1.0,1.0,104,465378,114607,0.907264914500968,0.8923123159087774,/nfs/ihfs/home_metis/suzunyan/projects/muonisolation/output/muonbdt_scan_dr1.0_dz35.0_K10_d0muOFF_iso_rw_v1.0_nMAX/cfg00_d2_n400_lr0.1_L1.0_mcw1.0/summary.csv,0.014952598592190669
1.0,1.0,30.0,10,muon-off,True,True,False,2,400,0.1,1.0,1.0,104,465378,114607,0.9067707034236653,0.892196964432938,/nfs/ihfs/home_metis/suzunyan/projects/muonisolation/output/muonbdt_scan_dr1.0_dz30.0_K10_d0muOFF_iso_rw_v1.0_nMAX/cfg00_d2_n400_lr0.1_L1.0_mcw1.0/summary.csv,0.014573738990727336
1.0,0.9,10.0,10,none,True,True,False,3,200,0.1,1.0,1.0,84,465378,114607,0.9088908061414605,0.8921861127347972,/nfs/ihfs/home_metis/suzunyan/projects/muonisolation/output/muonbdt_scan_dr0.9_dz10.0_K10_d0off_iso_rw_v1.0_nMAX/cfg01_d3_n200_lr0.1_L1.0_mcw1.0/summary.csv,0.01670469340666325
1.0,0.8,35.0,10,both,True,True,False,3,200,0.1,1.0,1.0,105,465378,114607,0.9085163441248263,0.8918610818323861,/nfs/ihfs/home_metis/suzunyan/projects/muonisolation/output/muonbdt_scan_dr0.8_dz35.0_K10_d0on_iso_rw_v1.0_nMAX/cfg01_d3_n200_lr0.1_L1.0_mcw1.0/summary.csv,0.016655262292440187
1.0,0.9,5.0,10,both,True,True,False,2,400,0.1,1.0,1.0,105,465378,114607,0.9044687625268305,0.8916896612615588,/nfs/ihfs/home_metis/suzunyan/projects/muonisolation/output/muonbdt_scan_dr0.9_dz5.0_K10_d0on_iso_rw_v1.0_nMAX/cfg00_d2_n400_lr0.1_L1.0_mcw1.0/summary.csv,0.012779101265271708
1.0,0.8,20.0,10,both,True,True,False,3,200,0.1,1.0,1.0,105,465378,114607,0.9103472793364119,0.891659021733988,/nfs/ihfs/home_metis/suzunyan/projects/muonisolation/output/muonbdt_scan_dr0.8_dz20.0_K10_d0on_iso_rw_v1.0_nMAX/cfg01_d3_n200_lr0.1_L1.0_mcw1.0/summary.csv,0.018688257602423874
1.1,0.7,10.0,10,both,True,True,False,3,200,0.1,1.0,1.0,105,465378,114607,0.9076572708355435,0.8916271632093302,/nfs/ihfs/home_metis/suzunyan/projects/muonisolation/output/muonbdt_scan_dr0.7_dz10.0_K10_d0on_iso_rw_v1.1_nMAX/cfg01_d3_n200_lr0.1_L1.0_mcw1.0/summary.csv,0.016030107626213264
1.0,0.8,30.0,10,both,True,True,False,3,200,0.1,1.0,1.0,105,465378,114607,0.908595409964079,0.8915630931041063,/nfs/ihfs/home_metis/suzunyan/projects/muonisolation/output/muonbdt_scan_dr0.8_dz30.0_K10_d0on_iso_rw_v1.0_nMAX/cfg01_d3_n200_lr0.1_L1.0_mcw1.0/summary.csv,0.01703231685997264
1.0*,0.5,15.0,10,both,True,False,False,6,300,0.05,3.0,3.0,105,465378,114607,0.9633177114045021,0.891517594216738,/nfs/ihfs/home_metis/suzunyan/projects/muonisolation/output/muonbdt_scan_dr0.5_dz15.0_K10_d0on_iso_norw_nMAX/cfg02_d6_n300_lr0.05_L3.0_mcw3.0/summary.csv,0.07180011718776402
1.0,0.9,10.0,10,muon-off,True,True,False,3,200,0.1,1.0,1.0,104,465378,114607,0.9093001875301603,0.8913794038404812,/nfs/ihfs/home_metis/suzunyan/projects/muonisolation/output/muonbdt_scan_dr0.9_dz10.0_K10_d0muOFF_iso_rw_v1.0_nMAX/cfg01_d3_n200_lr0.1_L1.0_mcw1.0/summary.csv,0.017920783689679087
1.0,0.5,25.0,10,both,True,False,False,3,200,0.1,1.0,1.0,105,465378,114607,0.9090567902824122,0.891378268336345,/nfs/ihfs/home_metis/suzunyan/projects/muonisolation/output/muonbdt_scan_dr0.5_dz25.0_K10_d0on_iso_norw_v1.0_nMAX/cfg01_d3_n200_lr0.1_L1.0_mcw1.0/summary.csv,0.017678521946067116
1.0,0.5,20.0,10,both,True,False,False,3,200,0.1,1.0,1.0,105,465378,114607,0.909934188628442,0.8913440863221312,/nfs/ihfs/home_metis/suzunyan/projects/muonisolation/output/muonbdt_scan_dr0.5_dz20.0_K10_d0on_iso_norw_v1.0_nMAX/cfg01_d3_n200_lr0.1_L1.0_mcw1.0/summary.csv,0.018590102306310752
1.0,0.9,15.0,10,none,True,True,False,3,200,0.1,1.0,1.0,84,465378,114607,0.9094591072315008,0.8911080946883732,/nfs/ihfs/home_metis/suzunyan/projects/muonisolation/output/muonbdt_scan_dr0.9_dz15.0_K10_d0off_iso_rw_v1.0_nMAX/cfg01_d3_n200_lr0.1_L1.0_mcw1.0/summary.csv,0.018351012543127654
1.0,0.9,10.0,10,muon-off,True,True,False,2,400,0.1,1.0,1.0,104,465378,114607,0.9047782640779063,0.8911021547612747,/nfs/ihfs/home_metis/suzunyan/projects/muonisolation/output/muonbdt_scan_dr0.9_dz10.0_K10_d0muOFF_iso_rw_v1.0_nMAX/cfg00_d2_n400_lr0.1_L1.0_mcw1.0/summary.csv,0.013676109316631546
1.0,0.8,20.0,10,both,True,True,False,2,400,0.1,1.0,1.0,105,465378,114607,0.9048305697546837,0.8910906327340117,/nfs/ihfs/home_metis/suzunyan/projects/muonisolation/output/muonbdt_scan_dr0.8_dz20.0_K10_d0on_iso_rw_v1.0_nMAX/cfg00_d2_n400_lr0.1_L1.0_mcw1.0/summary.csv,0.013739937020672
1.0,0.8,30.0,10,both,True,True,False,2,400,0.1,1.0,1.0,105,465378,114607,0.9030104888084138,0.8910710715283062,/nfs/ihfs/home_metis/suzunyan/projects/muonisolation/output/muonbdt_scan_dr0.8_dz30.0_K10_d0on_iso_rw_v1.0_nMAX/cfg00_d2_n400_lr0.1_L1.0_mcw1.0/summary.csv,0.011939417280107611
1.0,0.9,25.0,10,none,True,True,False,3,200,0.1,1.0,1.0,84,465378,114607,0.9085698794345513,0.8910469468364407,/nfs/ihfs/home_metis/suzunyan/projects/muonisolation/output/muonbdt_scan_dr0.9_dz25.0_K10_d0off_iso_rw_v1.0_nMAX/cfg01_d3_n200_lr0.1_L1.0_mcw1.0/summary.csv,0.017522932598110552
1.0,0.8,35.0,10,both,True,True,False,2,400,0.1,1.0,1.0,105,465378,114607,0.9031512033312016,0.8909856749378379,/nfs/ihfs/home_metis/suzunyan/projects/muonisolation/output/muonbdt_scan_dr0.8_dz35.0_K10_d0on_iso_rw_v1.0_nMAX/cfg00_d2_n400_lr0.1_L1.0_mcw1.0/summary.csv,0.012165528393363712
1.0,0.9,15.0,10,muon-off,True,True,False,2,400,0.1,1.0,1.0,104,465378,114607,0.9053876299134681,0.8909166024120818,/nfs/ihfs/home_metis/suzunyan/projects/muonisolation/output/muonbdt_scan_dr0.9_dz15.0_K10_d0muOFF_iso_rw_v1.0_nMAX/cfg00_d2_n400_lr0.1_L1.0_mcw1.0/summary.csv,0.014471027501386291
1.0,0.9,15.0,10,none,True,True,False,2,400,0.1,1.0,1.0,84,465378,114607,0.9050217271411335,0.8909063518631894,/nfs/ihfs/home_metis/suzunyan/projects/muonisolation/output/muonbdt_scan_dr0.9_dz15.0_K10_d0off_iso_rw_v1.0_nMAX/cfg00_d2_n400_lr0.1_L1.0_mcw1.0/summary.csv,0.014115375277944042
1.0,0.5,20.0,10,both,True,False,False,4,200,0.1,1.0,1.0,105,465378,114607,0.9306338312825928,0.8908903236020755,/nfs/ihfs/home_metis/suzunyan/projects/muonisolation/output/muonbdt_scan_dr0.5_dz20.0_K10_d0on_iso_norw_v1.0_nMAX/cfg02_d4_n200_lr0.1_L1.0_mcw1.0/summary.csv,0.039743507680517265
1.0,0.9,10.0,10,none,True,True,False,2,400,0.1,1.0,1.0,84,465378,114607,0.9044201031451258,0.8908151775604992,/nfs/ihfs/home_metis/suzunyan/projects/muonisolation/output/muonbdt_scan_dr0.9_dz10.0_K10_d0off_iso_rw_v1.0_nMAX/cfg00_d2_n400_lr0.1_L1.0_mcw1.0/summary.csv,0.01360492558462656
1.0,0.8,25.0,10,both,True,True,False,3,200,0.1,1.0,1.0,105,465378,114607,0.9085382906489315,0.8907359904600859,/nfs/ihfs/home_metis/suzunyan/projects/muonisolation/output/muonbdt_scan_dr0.8_dz25.0_K10_d0on_iso_rw_v1.0_nMAX/cfg01_d3_n200_lr0.1_L1.0_mcw1.0/summary.csv,0.017802300188845654
1.0,0.8,5.0,10,both,True,True,False,3,200,0.1,1.0,1.0,105,465378,114607,0.9065318008736507,0.8906831107958333,/nfs/ihfs/home_metis/suzunyan/projects/muonisolation/output/muonbdt_scan_dr0.8_dz5.0_K10_d0on_iso_rw_v1.0_nMAX/cfg01_d3_n200_lr0.1_L1.0_mcw1.0/summary.csv,0.015848690077817418
1.0,0.9,20.0,10,none,True,True,False,2,400,0.1,1.0,1.0,84,465378,114607,0.9045974754207039,0.8905423917759118,/nfs/ihfs/home_metis/suzunyan/projects/muonisolation/output/muonbdt_scan_dr0.9_dz20.0_K10_d0off_iso_rw_v1.0_nMAX/cfg00_d2_n400_lr0.1_L1.0_mcw1.0/summary.csv,0.014055083644792132
1.0,0.7,15.0,10,both,True,True,False,2,400,0.1,1.0,1.0,105,465378,114607,0.9028170243543646,0.8905363922109912,/nfs/ihfs/home_metis/suzunyan/projects/muonisolation/output/muonbdt_scan_dr0.7_dz15.0_K10_d0on_iso_rw_v1.0_nMAX/cfg00_d2_n400_lr0.1_L1.0_mcw1.0/summary.csv,0.012280632143373382
1.0,0.7,15.0,10,both,True,True,False,3,200,0.1,1.0,1.0,105,465378,114607,0.907657781199326,0.8905317356898284,/nfs/ihfs/home_metis/suzunyan/projects/muonisolation/output/muonbdt_scan_dr0.7_dz15.0_K10_d0on_iso_rw_v1.0_nMAX/cfg01_d3_n200_lr0.1_L1.0_mcw1.0/summary.csv,0.0171260455094977
1.0,0.5,25.0,10,both,True,False,False,2,400,0.1,1.0,1.0,105,465378,114607,0.9028100918395308,0.8905084673970903,/nfs/ihfs/home_metis/suzunyan/projects/muonisolation/output/muonbdt_scan_dr0.5_dz25.0_K10_d0on_iso_norw_v1.0_nMAX/cfg00_d2_n400_lr0.1_L1.0_mcw1.0/summary.csv,0.012301624442440429
1.0,0.9,25.0,10,none,True,True,False,2,400,0.1,1.0,1.0,84,465378,114607,0.9038361099113237,0.8904800678661241,/nfs/ihfs/home_metis/suzunyan/projects/muonisolation/output/muonbdt_scan_dr0.9_dz25.0_K10_d0off_iso_rw_v1.0_nMAX/cfg00_d2_n400_lr0.1_L1.0_mcw1.0/summary.csv,0.013356042045199579
1.0,0.8,25.0,10,both,True,True,False,2,400,0.1,1.0,1.0,105,465378,114607,0.903785795005881,0.8904616445500678,/nfs/ihfs/home_metis/suzunyan/projects/muonisolation/output/muonbdt_scan_dr0.8_dz25.0_K10_d0on_iso_rw_v1.0_nMAX/cfg00_d2_n400_lr0.1_L1.0_mcw1.0/summary.csv,0.013324150455813144
1.0,0.7,10.0,10,both,True,True,False,2,400,0.1,1.0,1.0,105,465378,114607,0.9028948708443383,0.8904403228358488,/nfs/ihfs/home_metis/suzunyan/projects/muonisolation/output/muonbdt_scan_dr0.7_dz10.0_K10_d0on_iso_rw_v1.0_nMAX/cfg00_d2_n400_lr0.1_L1.0_mcw1.0/summary.csv,0.012454548008489441
1.0,0.5,20.0,10,both,True,False,False,2,400,0.1,1.0,1.0,105,465378,114607,0.9037741913549422,0.8902824233520871,/nfs/ihfs/home_metis/suzunyan/projects/muonisolation/output/muonbdt_scan_dr0.5_dz20.0_K10_d0on_iso_norw_v1.0_nMAX/cfg00_d2_n400_lr0.1_L1.0_mcw1.0/summary.csv,0.01349176800285512
1.0,0.9,20.0,10,none,True,True,False,3,200,0.1,1.0,1.0,84,465378,114607,0.9092991554905597,0.8902567099086361,/nfs/ihfs/home_metis/suzunyan/projects/muonisolation/output/muonbdt_scan_dr0.9_dz20.0_K10_d0off_iso_rw_v1.0_nMAX/cfg01_d3_n200_lr0.1_L1.0_mcw1.0/summary.csv,0.019042445581923584
1.0,0.9,25.0,10,muon-off,True,True,False,3,200,0.1,1.0,1.0,104,465378,114607,0.9090289053804094,0.8900707734918678,/nfs/ihfs/home_metis/suzunyan/projects/muonisolation/output/muonbdt_scan_dr0.9_dz25.0_K10_d0muOFF_iso_rw_v1.0_nMAX/cfg01_d3_n200_lr0.1_L1.0_mcw1.0/summary.csv,0.018958131888541563
1.0,0.9,15.0,10,muon-off,True,True,False,3,200,0.1,1.0,1.0,104,465378,114607,0.9094446569141791,0.8899886021148279,/nfs/ihfs/home_metis/suzunyan/projects/muonisolation/output/muonbdt_scan_dr0.9_dz15.0_K10_d0muOFF_iso_rw_v1.0_nMAX/cfg01_d3_n200_lr0.1_L1.0_mcw1.0/summary.csv,0.019456054799351197
1.0,0.9,25.0,10,muon-off,True,True,False,2,400,0.1,1.0,1.0,104,465378,114607,0.9041439574077571,0.8899625213023916,/nfs/ihfs/home_metis/suzunyan/projects/muonisolation/output/muonbdt_scan_dr0.9_dz25.0_K10_d0muOFF_iso_rw_v1.0_nMAX/cfg00_d2_n400_lr0.1_L1.0_mcw1.0/summary.csv,0.014181436105365486
1.0,0.9,35.0,10,none,True,True,False,3,200,0.1,1.0,1.0,84,465378,114607,0.9076302898680121,0.8899182724237782,/nfs/ihfs/home_metis/suzunyan/projects/muonisolation/output/muonbdt_scan_dr0.9_dz35.0_K10_d0off_iso_rw_v1.0_nMAX/cfg01_d3_n200_lr0.1_L1.0_mcw1.0/summary.csv,0.017712017444233896
1.0,0.5,25.0,10,both,True,False,False,4,200,0.1,1.0,1.0,105,465378,114607,0.9298876659168858,0.8898899778553794,/nfs/ihfs/home_metis/suzunyan/projects/muonisolation/output/muonbdt_scan_dr0.5_dz25.0_K10_d0on_iso_norw_v1.0_nMAX/cfg02_d4_n200_lr0.1_L1.0_mcw1.0/summary.csv,0.03999768806150639
1.0,0.9,35.0,10,muon-off,True,True,False,3,200,0.1,1.0,1.0,104,465378,114607,0.9082579725333859,0.8896946854570529,/nfs/ihfs/home_metis/suzunyan/projects/muonisolation/output/muonbdt_scan_dr0.9_dz35.0_K10_d0muOFF_iso_rw_v1.0_nMAX/cfg01_d3_n200_lr0.1_L1.0_mcw1.0/summary.csv,0.018563287076333035
1.0,0.9,20.0,10,muon-off,True,True,False,2,400,0.1,1.0,1.0,104,465378,114607,0.9049088168670049,0.8896656752347865,/nfs/ihfs/home_metis/suzunyan/projects/muonisolation/output/muonbdt_scan_dr0.9_dz20.0_K10_d0muOFF_iso_rw_v1.0_nMAX/cfg00_d2_n400_lr0.1_L1.0_mcw1.0/summary.csv,0.015243141632218404
1.0,0.9,30.0,10,none,True,True,False,3,200,0.1,1.0,1.0,84,465378,114607,0.9081780718071512,0.8895389353204057,/nfs/ihfs/home_metis/suzunyan/projects/muonisolation/output/muonbdt_scan_dr0.9_dz30.0_K10_d0off_iso_rw_v1.0_nMAX/cfg01_d3_n200_lr0.1_L1.0_mcw1.0/summary.csv,0.018639136486745422
1.0,0.5,15.0,10,both,True,False,False,2,200,0.1,1.0,1.0,105,465378,114607,0.8954834298436634,0.8894826801554124,/nfs/ihfs/home_metis/suzunyan/projects/muonisolation/output/muonbdt_scan_dr0.5_dz15.0_K10_d0on_iso_norw_v1.0_nMAX/cfg01_d2_n200_lr0.1_L1.0_mcw1.0/summary.csv,0.006000749688250928
1.0,0.9,20.0,10,muon-off,True,True,False,3,200,0.1,1.0,1.0,104,465378,114607,0.9098265709178218,0.8893487789313332,/nfs/ihfs/home_metis/suzunyan/projects/muonisolation/output/muonbdt_scan_dr0.9_dz20.0_K10_d0muOFF_iso_rw_v1.0_nMAX/cfg01_d3_n200_lr0.1_L1.0_mcw1.0/summary.csv,0.02047779198648858
1.0,0.9,35.0,10,none,True,True,False,2,400,0.1,1.0,1.0,84,465378,114607,0.9031443444180531,0.8893340030644872,/nfs/ihfs/home_metis/suzunyan/projects/muonisolation/output/muonbdt_scan_dr0.9_dz35.0_K10_d0off_iso_rw_v1.0_nMAX/cfg00_d2_n400_lr0.1_L1.0_mcw1.0/summary.csv,0.013810341353565958
1.0,0.9,30.0,10,muon-off,True,True,False,3,200,0.1,1.0,1.0,104,465378,114607,0.9085939795057745,0.8891995173897497,/nfs/ihfs/home_metis/suzunyan/projects/muonisolation/output/muonbdt_scan_dr0.9_dz30.0_K10_d0muOFF_iso_rw_v1.0_nMAX/cfg01_d3_n200_lr0.1_L1.0_mcw1.0/summary.csv,0.019394462116024802
1.0,0.9,35.0,10,muon-off,True,True,False,2,400,0.1,1.0,1.0,104,465378,114607,0.9029871581025128,0.8891733650119269,/nfs/ihfs/home_metis/suzunyan/projects/muonisolation/output/muonbdt_scan_dr0.9_dz35.0_K10_d0muOFF_iso_rw_v1.0_nMAX/cfg00_d2_n400_lr0.1_L1.0_mcw1.0/summary.csv,0.013813793090585946
1.0,0.8,5.0,10,both,True,True,False,2,400,0.1,1.0,1.0,105,465378,114607,0.9016567120010112,0.8890701462546503,/nfs/ihfs/home_metis/suzunyan/projects/muonisolation/output/muonbdt_scan_dr0.8_dz5.0_K10_d0on_iso_rw_v1.0_nMAX/cfg00_d2_n400_lr0.1_L1.0_mcw1.0/summary.csv,0.012586565746360856
1.0,1.0,5.0,10,muon-off,True,True,False,3,200,0.1,1.0,1.0,104,465378,114607,0.9063602232984286,0.8889672900953333,/nfs/ihfs/home_metis/suzunyan/projects/muonisolation/output/muonbdt_scan_dr1.0_dz5.0_K10_d0muOFF_iso_rw_v1.0_nMAX/cfg01_d3_n200_lr0.1_L1.0_mcw1.0/summary.csv,0.017392933203095318
1.0,0.9,30.0,10,none,True,True,False,2,400,0.1,1.0,1.0,84,465378,114607,0.903151366694623,0.8889255436197425,/nfs/ihfs/home_metis/suzunyan/projects/muonisolation/output/muonbdt_scan_dr0.9_dz30.0_K10_d0off_iso_rw_v1.0_nMAX/cfg00_d2_n400_lr0.1_L1.0_mcw1.0/summary.csv,0.014225823074880517
1.0,0.7,20.0,10,both,True,True,False,2,400,0.1,1.0,1.0,105,465378,114607,0.9019959148437867,0.8887321739448061,/nfs/ihfs/home_metis/suzunyan/projects/muonisolation/output/muonbdt_scan_dr0.7_dz20.0_K10_d0on_iso_rw_v1.0_nMAX/cfg00_d2_n400_lr0.1_L1.0_mcw1.0/summary.csv,0.013263740898980636
1.0,1.0,5.0,10,none,True,True,False,3,200,0.1,1.0,1.0,84,465378,114607,0.9061379338681552,0.8886463670461204,/nfs/ihfs/home_metis/suzunyan/projects/muonisolation/output/muonbdt_scan_dr1.0_dz5.0_K10_d0off_iso_rw_v1.0_nMAX/cfg01_d3_n200_lr0.1_L1.0_mcw1.0/summary.csv,0.017491566822034788
1.0,0.7,25.0,10,both,True,True,False,2,400,0.1,1.0,1.0,105,465378,114607,0.9008019084909382,0.8883656351180933,/nfs/ihfs/home_metis/suzunyan/projects/muonisolation/output/muonbdt_scan_dr0.7_dz25.0_K10_d0on_iso_rw_v1.0_nMAX/cfg00_d2_n400_lr0.1_L1.0_mcw1.0/summary.csv,0.01243627337284492
1.0,0.8,15.0,10,none,True,True,False,2,400,0.1,1.0,1.0,84,465378,114607,0.901215462257815,0.8882699617380907,/nfs/ihfs/home_metis/suzunyan/projects/muonisolation/output/muonbdt_scan_dr0.8_dz15.0_K10_d0off_iso_rw_v1.0_nMAX/cfg00_d2_n400_lr0.1_L1.0_mcw1.0/summary.csv,0.012945500519724318
1.0,0.8,15.0,10,none,True,True,False,3,200,0.1,1.0,1.0,84,465378,114607,0.9066284710313897,0.8881793742715716,/nfs/ihfs/home_metis/suzunyan/projects/muonisolation/output/muonbdt_scan_dr0.8_dz15.0_K10_d0off_iso_rw_v1.0_nMAX/cfg01_d3_n200_lr0.1_L1.0_mcw1.0/summary.csv,0.018449096759818095
1.0,0.9,30.0,10,muon-off,True,True,False,2,400,0.1,1.0,1.0,104,465378,114607,0.9029220075359946,0.8881156262105881,/nfs/ihfs/home_metis/suzunyan/projects/muonisolation/output/muonbdt_scan_dr0.9_dz30.0_K10_d0muOFF_iso_rw_v1.0_nMAX/cfg00_d2_n400_lr0.1_L1.0_mcw1.0/summary.csv,0.014806381325406459
1.0,0.7,30.0,10,both,True,True,False,3,200,0.1,1.0,1.0,105,465378,114607,0.9054188404069923,0.8880047857396254,/nfs/ihfs/home_metis/suzunyan/projects/muonisolation/output/muonbdt_scan_dr0.7_dz30.0_K10_d0on_iso_rw_v1.0_nMAX/cfg01_d3_n200_lr0.1_L1.0_mcw1.0/summary.csv,0.017414054667366896
1.0,0.7,25.0,10,both,True,True,False,3,200,0.1,1.0,1.0,105,465378,114607,0.9056067463912444,0.8879956897789723,/nfs/ihfs/home_metis/suzunyan/projects/muonisolation/output/muonbdt_scan_dr0.7_dz25.0_K10_d0on_iso_rw_v1.0_nMAX/cfg01_d3_n200_lr0.1_L1.0_mcw1.0/summary.csv,0.017611056612272136
1.0,0.7,20.0,10,both,True,True,False,3,200,0.1,1.0,1.0,105,465378,114607,0.90638517265377,0.8878915311296168,/nfs/ihfs/home_metis/suzunyan/projects/muonisolation/output/muonbdt_scan_dr0.7_dz20.0_K10_d0on_iso_rw_v1.0_nMAX/cfg01_d3_n200_lr0.1_L1.0_mcw1.0/summary.csv,0.018493641524153226
1.0,1.0,5.0,10,none,True,True,False,2,400,0.1,1.0,1.0,84,465378,114607,0.9005976519143135,0.887694499692393,/nfs/ihfs/home_metis/suzunyan/projects/muonisolation/output/muonbdt_scan_dr1.0_dz5.0_K10_d0off_iso_rw_v1.0_nMAX/cfg00_d2_n400_lr0.1_L1.0_mcw1.0/summary.csv,0.01290315222192051
1.0,1.0,5.0,10,muon-off,True,True,False,2,400,0.1,1.0,1.0,104,465378,114607,0.9018110720705963,0.8876408996032472,/nfs/ihfs/home_metis/suzunyan/projects/muonisolation/output/muonbdt_scan_dr1.0_dz5.0_K10_d0muOFF_iso_rw_v1.0_nMAX/cfg00_d2_n400_lr0.1_L1.0_mcw1.0/summary.csv,0.014170172467349085
1.0,0.7,35.0,10,both,True,True,False,3,200,0.1,1.0,1.0,105,465378,114607,0.9049454768234386,0.887464686537022,/nfs/ihfs/home_metis/suzunyan/projects/muonisolation/output/muonbdt_scan_dr0.7_dz35.0_K10_d0on_iso_rw_v1.0_nMAX/cfg01_d3_n200_lr0.1_L1.0_mcw1.0/summary.csv,0.01748079028641658
1.0,0.7,30.0,10,both,True,True,False,2,400,0.1,1.0,1.0,105,465378,114607,0.9001696222678531,0.887451136823802,/nfs/ihfs/home_metis/suzunyan/projects/muonisolation/output/muonbdt_scan_dr0.7_dz30.0_K10_d0on_iso_rw_v1.0_nMAX/cfg00_d2_n400_lr0.1_L1.0_mcw1.0/summary.csv,0.012718485444051186
1.0,0.8,15.0,10,muon-off,True,True,False,3,200,0.1,1.0,1.0,104,465378,114607,0.9061695179526692,0.8871866621661262,/nfs/ihfs/home_metis/suzunyan/projects/muonisolation/output/muonbdt_scan_dr0.8_dz15.0_K10_d0muOFF_iso_rw_v1.0_nMAX/cfg01_d3_n200_lr0.1_L1.0_mcw1.0/summary.csv,0.018982855786543018
1.0,0.8,10.0,10,none,True,True,False,2,400,0.1,1.0,1.0,84,465378,114607,0.9005417847092749,0.8871405454309192,/nfs/ihfs/home_metis/suzunyan/projects/muonisolation/output/muonbdt_scan_dr0.8_dz10.0_K10_d0off_iso_rw_v1.0_nMAX/cfg00_d2_n400_lr0.1_L1.0_mcw1.0/summary.csv,0.013401239278355681
1.0,0.6,10.0,10,both,True,True,False,2,400,0.1,1.0,1.0,105,465378,114607,0.8997128690127594,0.8871347891883137,/nfs/ihfs/home_metis/suzunyan/projects/muonisolation/output/muonbdt_scan_dr0.6_dz10.0_K10_d0on_iso_rw_v1.0_nMAX/cfg00_d2_n400_lr0.1_L1.0_mcw1.0/summary.csv,0.012578079824445698
1.0,0.8,10.0,10,none,True,True,False,3,200,0.1,1.0,1.0,84,465378,114607,0.9060092673977003,0.8871153186320981,/nfs/ihfs/home_metis/suzunyan/projects/muonisolation/output/muonbdt_scan_dr0.8_dz10.0_K10_d0off_iso_rw_v1.0_nMAX/cfg01_d3_n200_lr0.1_L1.0_mcw1.0/summary.csv,0.01889394876560213
1.0,0.7,5.0,10,both,True,True,False,3,200,0.1,1.0,1.0,105,465378,114607,0.9041882011290674,0.8871012011668097,/nfs/ihfs/home_metis/suzunyan/projects/muonisolation/output/muonbdt_scan_dr0.7_dz5.0_K10_d0on_iso_rw_v1.0_nMAX/cfg01_d3_n200_lr0.1_L1.0_mcw1.0/summary.csv,0.01708699996225771
1.0,0.7,5.0,10,both,True,True,False,2,400,0.1,1.0,1.0,105,465378,114607,0.8998160763517288,0.8869795948761702,/nfs/ihfs/home_metis/suzunyan/projects/muonisolation/output/muonbdt_scan_dr0.7_dz5.0_K10_d0on_iso_rw_v1.0_nMAX/cfg00_d2_n400_lr0.1_L1.0_mcw1.0/summary.csv,0.012836481475558603
1.0,0.8,10.0,10,muon-off,True,True,False,3,200,0.1,1.0,1.0,104,465378,114607,0.9063733420275737,0.8869042770776658,/nfs/ihfs/home_metis/suzunyan/projects/muonisolation/output/muonbdt_scan_dr0.8_dz10.0_K10_d0muOFF_iso_rw_v1.0_nMAX/cfg01_d3_n200_lr0.1_L1.0_mcw1.0/summary.csv,0.019469064949907855
1.0,0.8,20.0,10,none,True,True,False,2,400,0.1,1.0,1.0,84,465378,114607,0.9006324004305705,0.8868054762902633,/nfs/ihfs/home_metis/suzunyan/projects/muonisolation/output/muonbdt_scan_dr0.8_dz20.0_K10_d0off_iso_rw_v1.0_nMAX/cfg00_d2_n400_lr0.1_L1.0_mcw1.0/summary.csv,0.013826924140307173
1.0,0.6,10.0,10,both,True,True,False,3,200,0.1,1.0,1.0,105,465378,114607,0.9042021119945152,0.8867906550986723,/nfs/ihfs/home_metis/suzunyan/projects/muonisolation/output/muonbdt_scan_dr0.6_dz10.0_K10_d0on_iso_rw_v1.0_nMAX/cfg01_d3_n200_lr0.1_L1.0_mcw1.0/summary.csv,0.01741145689584289
1.0,0.8,25.0,10,none,True,True,False,3,200,0.1,1.0,1.0,84,465378,114607,0.9049124774123039,0.8867296026672553,/nfs/ihfs/home_metis/suzunyan/projects/muonisolation/output/muonbdt_scan_dr0.8_dz25.0_K10_d0off_iso_rw_v1.0_nMAX/cfg01_d3_n200_lr0.1_L1.0_mcw1.0/summary.csv,0.01818287474504854
1.0,0.8,20.0,10,none,True,True,False,3,200,0.1,1.0,1.0,84,465378,114607,0.9054720915936441,0.8865779484562419,/nfs/ihfs/home_metis/suzunyan/projects/muonisolation/output/muonbdt_scan_dr0.8_dz20.0_K10_d0off_iso_rw_v1.0_nMAX/cfg01_d3_n200_lr0.1_L1.0_mcw1.0/summary.csv,0.01889414313740212
1.0,0.8,35.0,10,none,True,True,False,3,200,0.1,1.0,1.0,84,465378,114607,0.9035766649986987,0.8865360230671845,/nfs/ihfs/home_metis/suzunyan/projects/muonisolation/output/muonbdt_scan_dr0.8_dz35.0_K10_d0off_iso_rw_v1.0_nMAX/cfg01_d3_n200_lr0.1_L1.0_mcw1.0/summary.csv,0.017040641931514222
1.0,0.7,35.0,10,both,True,True,False,2,400,0.1,1.0,1.0,105,465378,114607,0.8994177763505117,0.8865068554010676,/nfs/ihfs/home_metis/suzunyan/projects/muonisolation/output/muonbdt_scan_dr0.7_dz35.0_K10_d0on_iso_rw_v1.0_nMAX/cfg00_d2_n400_lr0.1_L1.0_mcw1.0/summary.csv,0.012910920949444127
1.0,0.8,15.0,10,muon-off,True,True,False,2,400,0.1,1.0,1.0,104,465378,114607,0.900840045329095,0.8864665545462885,/nfs/ihfs/home_metis/suzunyan/projects/muonisolation/output/muonbdt_scan_dr0.8_dz15.0_K10_d0muOFF_iso_rw_v1.0_nMAX/cfg00_d2_n400_lr0.1_L1.0_mcw1.0/summary.csv,0.014373490782806475
1.0,0.8,10.0,10,muon-off,True,True,False,2,400,0.1,1.0,1.0,104,465378,114607,0.9009575297790244,0.8863578300252598,/nfs/ihfs/home_metis/suzunyan/projects/muonisolation/output/muonbdt_scan_dr0.8_dz10.0_K10_d0muOFF_iso_rw_v1.0_nMAX/cfg00_d2_n400_lr0.1_L1.0_mcw1.0/summary.csv,0.014599699753764628
1.0,0.8,30.0,10,none,True,True,False,2,400,0.1,1.0,1.0,84,465378,114607,0.8986995389313062,0.886126797872802,/nfs/ihfs/home_metis/suzunyan/projects/muonisolation/output/muonbdt_scan_dr0.8_dz30.0_K10_d0off_iso_rw_v1.0_nMAX/cfg00_d2_n400_lr0.1_L1.0_mcw1.0/summary.csv,0.012572741058504144
1.0,0.8,30.0,10,none,True,True,False,3,200,0.1,1.0,1.0,84,465378,114607,0.9045027628327409,0.8859057133090988,/nfs/ihfs/home_metis/suzunyan/projects/muonisolation/output/muonbdt_scan_dr0.8_dz30.0_K10_d0off_iso_rw_v1.0_nMAX/cfg01_d3_n200_lr0.1_L1.0_mcw1.0/summary.csv,0.01859704952364205
1.0,0.6,15.0,10,both,True,True,False,3,200,0.1,1.0,1.0,105,465378,114607,0.904131552659033,0.8859018774043703,/nfs/ihfs/home_metis/suzunyan/projects/muonisolation/output/muonbdt_scan_dr0.6_dz15.0_K10_d0on_iso_rw_v1.0_nMAX/cfg01_d3_n200_lr0.1_L1.0_mcw1.0/summary.csv,0.01822967525466268
1.0,0.8,20.0,10,muon-off,True,True,False,3,200,0.1,1.0,1.0,104,465378,114607,0.9056672872298503,0.8857205617260717,/nfs/ihfs/home_metis/suzunyan/projects/muonisolation/output/muonbdt_scan_dr0.8_dz20.0_K10_d0muOFF_iso_rw_v1.0_nMAX/cfg01_d3_n200_lr0.1_L1.0_mcw1.0/summary.csv,0.01994672550377863
1.0,0.9,5.0,10,none,True,True,False,3,200,0.1,1.0,1.0,84,465378,114607,0.903283210084133,0.8855438715572683,/nfs/ihfs/home_metis/suzunyan/projects/muonisolation/output/muonbdt_scan_dr0.9_dz5.0_K10_d0off_iso_rw_v1.0_nMAX/cfg01_d3_n200_lr0.1_L1.0_mcw1.0/summary.csv,0.017739338526864712
1.0,0.7,10.0,10,none,True,True,False,3,200,0.1,1.0,1.0,84,465378,114607,0.9021989793963092,0.8854953239844255,/nfs/ihfs/home_metis/suzunyan/projects/muonisolation/output/muonbdt_scan_dr0.7_dz10.0_K10_d0off_iso_rw_v1.0_nMAX/cfg01_d3_n200_lr0.1_L1.0_mcw1.0/summary.csv,0.016703655411883678
1.0,0.8,25.0,10,none,True,True,False,2,400,0.1,1.0,1.0,84,465378,114607,0.8996748103304841,0.8854899160267019,/nfs/ihfs/home_metis/suzunyan/projects/muonisolation/output/muonbdt_scan_dr0.8_dz25.0_K10_d0off_iso_rw_v1.0_nMAX/cfg00_d2_n400_lr0.1_L1.0_mcw1.0/summary.csv,0.014184894303782225
1.0,0.8,25.0,10,muon-off,True,True,False,3,200,0.1,1.0,1.0,104,465378,114607,0.9047324202177593,0.8853603731346744,/nfs/ihfs/home_metis/suzunyan/projects/muonisolation/output/muonbdt_scan_dr0.8_dz25.0_K10_d0muOFF_iso_rw_v1.0_nMAX/cfg01_d3_n200_lr0.1_L1.0_mcw1.0/summary.csv,0.01937204708308493
1.0,0.8,35.0,10,none,True,True,False,2,400,0.1,1.0,1.0,84,465378,114607,0.898022840481655,0.8853543521001379,/nfs/ihfs/home_metis/suzunyan/projects/muonisolation/output/muonbdt_scan_dr0.8_dz35.0_K10_d0off_iso_rw_v1.0_nMAX/cfg00_d2_n400_lr0.1_L1.0_mcw1.0/summary.csv,0.012668488381517129
1.0,0.9,5.0,10,none,True,True,False,2,400,0.1,1.0,1.0,84,465378,114607,0.898340832964089,0.88533492925418,/nfs/ihfs/home_metis/suzunyan/projects/muonisolation/output/muonbdt_scan_dr0.9_dz5.0_K10_d0off_iso_rw_v1.0_nMAX/cfg00_d2_n400_lr0.1_L1.0_mcw1.0/summary.csv,0.01300590370990895
1.0,0.7,15.0,10,none,True,True,False,3,200,0.1,1.0,1.0,84,465378,114607,0.9026107399851981,0.8851347871081464,/nfs/ihfs/home_metis/suzunyan/projects/muonisolation/output/muonbdt_scan_dr0.7_dz15.0_K10_d0off_iso_rw_v1.0_nMAX/cfg01_d3_n200_lr0.1_L1.0_mcw1.0/summary.csv,0.017475952877051726
1.0,0.6,15.0,10,both,True,True,False,2,400,0.1,1.0,1.0,105,465378,114607,0.8988298813459268,0.885112513574284,/nfs/ihfs/home_metis/suzunyan/projects/muonisolation/output/muonbdt_scan_dr0.6_dz15.0_K10_d0on_iso_rw_v1.0_nMAX/cfg00_d2_n400_lr0.1_L1.0_mcw1.0/summary.csv,0.013717367771642786
1.0,0.8,30.0,10,muon-off,True,True,False,3,200,0.1,1.0,1.0,104,465378,114607,0.9044590390243341,0.8850587775109036,/nfs/ihfs/home_metis/suzunyan/projects/muonisolation/output/muonbdt_scan_dr0.8_dz30.0_K10_d0muOFF_iso_rw_v1.0_nMAX/cfg01_d3_n200_lr0.1_L1.0_mcw1.0/summary.csv,0.01940026151343055
1.0,0.9,5.0,10,muon-off,True,True,False,2,400,0.1,1.0,1.0,104,465378,114607,0.8990642599632073,0.8846492207302293,/nfs/ihfs/home_metis/suzunyan/projects/muonisolation/output/muonbdt_scan_dr0.9_dz5.0_K10_d0muOFF_iso_rw_v1.0_nMAX/cfg00_d2_n400_lr0.1_L1.0_mcw1.0/summary.csv,0.014415039232977933
1.0,0.9,5.0,10,muon-off,True,True,False,3,200,0.1,1.0,1.0,104,465378,114607,0.9038523869020108,0.8846129299226199,/nfs/ihfs/home_metis/suzunyan/projects/muonisolation/output/muonbdt_scan_dr0.9_dz5.0_K10_d0muOFF_iso_rw_v1.0_nMAX/cfg01_d3_n200_lr0.1_L1.0_mcw1.0/summary.csv,0.01923945697939089
1.0,0.8,25.0,10,muon-off,True,True,False,2,400,0.1,1.0,1.0,104,465378,114607,0.8996543016101611,0.8845643107843905,/nfs/ihfs/home_metis/suzunyan/projects/muonisolation/output/muonbdt_scan_dr0.8_dz25.0_K10_d0muOFF_iso_rw_v1.0_nMAX/cfg00_d2_n400_lr0.1_L1.0_mcw1.0/summary.csv,0.015089990825770672
1.0,0.8,20.0,10,muon-off,True,True,False,2,400,0.1,1.0,1.0,104,465378,114607,0.9010033936188706,0.8843846983622959,/nfs/ihfs/home_metis/suzunyan/projects/muonisolation/output/muonbdt_scan_dr0.8_dz20.0_K10_d0muOFF_iso_rw_v1.0_nMAX/cfg00_d2_n400_lr0.1_L1.0_mcw1.0/summary.csv,0.016618695256574667
1.0,0.8,35.0,10,muon-off,True,True,False,3,200,0.1,1.0,1.0,104,465378,114607,0.9042427546688949,0.8843656118736558,/nfs/ihfs/home_metis/suzunyan/projects/muonisolation/output/muonbdt_scan_dr0.8_dz35.0_K10_d0muOFF_iso_rw_v1.0_nMAX/cfg01_d3_n200_lr0.1_L1.0_mcw1.0/summary.csv,0.01987714279523911
1.0,0.7,15.0,10,none,True,True,False,2,400,0.1,1.0,1.0,84,465378,114607,0.8981002286138278,0.884357052653403,/nfs/ihfs/home_metis/suzunyan/projects/muonisolation/output/muonbdt_scan_dr0.7_dz15.0_K10_d0off_iso_rw_v1.0_nMAX/cfg00_d2_n400_lr0.1_L1.0_mcw1.0/summary.csv,0.013743175960424736
1.0,0.7,10.0,10,none,True,True,False,2,400,0.1,1.0,1.0,84,465378,114607,0.8978244247349859,0.88416603747969,/nfs/ihfs/home_metis/suzunyan/projects/muonisolation/output/muonbdt_scan_dr0.7_dz10.0_K10_d0off_iso_rw_v1.0_nMAX/cfg00_d2_n400_lr0.1_L1.0_mcw1.0/summary.csv,0.01365838725529589
1.0,0.8,35.0,10,muon-off,True,True,False,2,400,0.1,1.0,1.0,104,465378,114607,0.8981307149901716,0.8841031672874502,/nfs/ihfs/home_metis/suzunyan/projects/muonisolation/output/muonbdt_scan_dr0.8_dz35.0_K10_d0muOFF_iso_rw_v1.0_nMAX/cfg00_d2_n400_lr0.1_L1.0_mcw1.0/summary.csv,0.01402754770272141
1.0,0.8,30.0,10,muon-off,True,True,False,2,400,0.1,1.0,1.0,104,465378,114607,0.898546514857184,0.8840162081860382,/nfs/ihfs/home_metis/suzunyan/projects/muonisolation/output/muonbdt_scan_dr0.8_dz30.0_K10_d0muOFF_iso_rw_v1.0_nMAX/cfg00_d2_n400_lr0.1_L1.0_mcw1.0/summary.csv,0.014530306671145743
1.0,0.7,10.0,10,muon-off,True,True,False,3,200,0.1,1.0,1.0,104,465378,114607,0.9028662059995257,0.8840089753109529,/nfs/ihfs/home_metis/suzunyan/projects/muonisolation/output/muonbdt_scan_dr0.7_dz10.0_K10_d0muOFF_iso_rw_v1.0_nMAX/cfg01_d3_n200_lr0.1_L1.0_mcw1.0/summary.csv,0.018857230688572812
1.0,0.7,15.0,10,muon-off,True,True,False,2,400,0.1,1.0,1.0,104,465378,114607,0.8986726709372201,0.8839908191723402,/nfs/ihfs/home_metis/suzunyan/projects/muonisolation/output/muonbdt_scan_dr0.7_dz15.0_K10_d0muOFF_iso_rw_v1.0_nMAX/cfg00_d2_n400_lr0.1_L1.0_mcw1.0/summary.csv,0.014681851764879905
1.0,0.8,5.0,10,none,True,True,False,3,200,0.1,1.0,1.0,84,465378,114607,0.9008756600240686,0.8838928652420142,/nfs/ihfs/home_metis/suzunyan/projects/muonisolation/output/muonbdt_scan_dr0.8_dz5.0_K10_d0off_iso_rw_v1.0_nMAX/cfg01_d3_n200_lr0.1_L1.0_mcw1.0/summary.csv,0.016982794782054444
1.0,0.6,5.0,10,both,True,True,False,3,200,0.1,1.0,1.0,105,465378,114607,0.9010527728573785,0.8838837001014874,/nfs/ihfs/home_metis/suzunyan/projects/muonisolation/output/muonbdt_scan_dr0.6_dz5.0_K10_d0on_iso_rw_v1.0_nMAX/cfg01_d3_n200_lr0.1_L1.0_mcw1.0/summary.csv,0.01716907275589108
1.0,0.6,20.0,10,both,True,True,False,2,400,0.1,1.0,1.0,105,465378,114607,0.8978273425055917,0.8838178575601855,/nfs/ihfs/home_metis/suzunyan/projects/muonisolation/output/muonbdt_scan_dr0.6_dz20.0_K10_d0on_iso_rw_v1.0_nMAX/cfg00_d2_n400_lr0.1_L1.0_mcw1.0/summary.csv,0.014009484945406214
1.0,0.7,10.0,10,muon-off,True,True,False,2,400,0.1,1.0,1.0,104,465378,114607,0.89866713964569,0.8834077855087268,/nfs/ihfs/home_metis/suzunyan/projects/muonisolation/output/muonbdt_scan_dr0.7_dz10.0_K10_d0muOFF_iso_rw_v1.0_nMAX/cfg00_d2_n400_lr0.1_L1.0_mcw1.0/summary.csv,0.015259354136963221
1.0,0.7,15.0,10,muon-off,True,True,False,3,200,0.1,1.0,1.0,104,465378,114607,0.9032335446658184,0.8833058334587954,/nfs/ihfs/home_metis/suzunyan/projects/muonisolation/output/muonbdt_scan_dr0.7_dz15.0_K10_d0muOFF_iso_rw_v1.0_nMAX/cfg01_d3_n200_lr0.1_L1.0_mcw1.0/summary.csv,0.01992771120702297
1.0,0.7,20.0,10,none,True,True,False,2,400,0.1,1.0,1.0,84,465378,114607,0.8974155119877559,0.8832942780343518,/nfs/ihfs/home_metis/suzunyan/projects/muonisolation/output/muonbdt_scan_dr0.7_dz20.0_K10_d0off_iso_rw_v1.0_nMAX/cfg00_d2_n400_lr0.1_L1.0_mcw1.0/summary.csv,0.014121233953404144
1.0,0.6,5.0,10,both,True,True,False,2,400,0.1,1.0,1.0,105,465378,114607,0.8962208474801159,0.883293595777665,/nfs/ihfs/home_metis/suzunyan/projects/muonisolation/output/muonbdt_scan_dr0.6_dz5.0_K10_d0on_iso_rw_v1.0_nMAX/cfg00_d2_n400_lr0.1_L1.0_mcw1.0/summary.csv,0.012927251702450904
1.0,0.8,5.0,10,muon-off,True,True,False,3,200,0.1,1.0,1.0,104,465378,114607,0.9005564981416037,0.8830721295318996,/nfs/ihfs/home_metis/suzunyan/projects/muonisolation/output/muonbdt_scan_dr0.8_dz5.0_K10_d0muOFF_iso_rw_v1.0_nMAX/cfg01_d3_n200_lr0.1_L1.0_mcw1.0/summary.csv,0.017484368609704037
1.0,0.7,25.0,10,none,True,True,False,3,200,0.1,1.0,1.0,84,465378,114607,0.9011508878705583,0.8830043237134885,/nfs/ihfs/home_metis/suzunyan/projects/muonisolation/output/muonbdt_scan_dr0.7_dz25.0_K10_d0off_iso_rw_v1.0_nMAX/cfg01_d3_n200_lr0.1_L1.0_mcw1.0/summary.csv,0.018146564157069833
1.0,0.7,20.0,10,none,True,True,False,3,200,0.1,1.0,1.0,84,465378,114607,0.9017690052550229,0.8829553539048643,/nfs/ihfs/home_metis/suzunyan/projects/muonisolation/output/muonbdt_scan_dr0.7_dz20.0_K10_d0off_iso_rw_v1.0_nMAX/cfg01_d3_n200_lr0.1_L1.0_mcw1.0/summary.csv,0.018813651350158556
1.0,0.6,20.0,10,both,True,True,False,3,200,0.1,1.0,1.0,105,465378,114607,0.9034253450753759,0.8829242897559988,/nfs/ihfs/home_metis/suzunyan/projects/muonisolation/output/muonbdt_scan_dr0.6_dz20.0_K10_d0on_iso_rw_v1.0_nMAX/cfg01_d3_n200_lr0.1_L1.0_mcw1.0/summary.csv,0.02050105531937707
1.0,0.6,35.0,10,both,True,True,False,3,200,0.1,1.0,1.0,105,465378,114607,0.9004366306718364,0.8826992595539743,/nfs/ihfs/home_metis/suzunyan/projects/muonisolation/output/muonbdt_scan_dr0.6_dz35.0_K10_d0on_iso_rw_v1.0_nMAX/cfg01_d3_n200_lr0.1_L1.0_mcw1.0/summary.csv,0.01773737111786211
1.0,0.7,25.0,10,none,True,True,False,2,400,0.1,1.0,1.0,84,465378,114607,0.896159665381317,0.8825703440518372,/nfs/ihfs/home_metis/suzunyan/projects/muonisolation/output/muonbdt_scan_dr0.7_dz25.0_K10_d0off_iso_rw_v1.0_nMAX/cfg00_d2_n400_lr0.1_L1.0_mcw1.0/summary.csv,0.013589321329479764
1.0,0.6,25.0,10,both,True,True,False,3,200,0.1,1.0,1.0,105,465378,114607,0.9026243032626469,0.882548242274903,/nfs/ihfs/home_metis/suzunyan/projects/muonisolation/output/muonbdt_scan_dr0.6_dz25.0_K10_d0on_iso_rw_v1.0_nMAX/cfg01_d3_n200_lr0.1_L1.0_mcw1.0/summary.csv,0.020076060987743838
1.0,0.7,35.0,10,none,True,True,False,3,200,0.1,1.0,1.0,84,465378,114607,0.9006637249259067,0.8824510874913953,/nfs/ihfs/home_metis/suzunyan/projects/muonisolation/output/muonbdt_scan_dr0.7_dz35.0_K10_d0off_iso_rw_v1.0_nMAX/cfg01_d3_n200_lr0.1_L1.0_mcw1.0/summary.csv,0.018212637434511403
1.0,0.7,30.0,10,none,True,True,False,3,200,0.1,1.0,1.0,84,465378,114607,0.9008441405797574,0.8823672390987929,/nfs/ihfs/home_metis/suzunyan/projects/muonisolation/output/muonbdt_scan_dr0.7_dz30.0_K10_d0off_iso_rw_v1.0_nMAX/cfg01_d3_n200_lr0.1_L1.0_mcw1.0/summary.csv,0.01847690148096448
1.0,0.6,25.0,10,both,True,True,False,2,400,0.1,1.0,1.0,105,465378,114607,0.8968133973138455,0.8823142926401794,/nfs/ihfs/home_metis/suzunyan/projects/muonisolation/output/muonbdt_scan_dr0.6_dz25.0_K10_d0on_iso_rw_v1.0_nMAX/cfg00_d2_n400_lr0.1_L1.0_mcw1.0/summary.csv,0.014499104673666108
1.0,0.7,20.0,10,muon-off,True,True,False,3,200,0.1,1.0,1.0,104,465378,114607,0.901904376089778,0.8822538437435239,/nfs/ihfs/home_metis/suzunyan/projects/muonisolation/output/muonbdt_scan_dr0.7_dz20.0_K10_d0muOFF_iso_rw_v1.0_nMAX/cfg01_d3_n200_lr0.1_L1.0_mcw1.0/summary.csv,0.019650532346254135
1.0,0.5,10.0,10,both,True,True,False,3,200,0.1,1.0,1.0,105,465378,114607,0.8989831350396783,0.8822486051572155,/nfs/ihfs/home_metis/suzunyan/projects/muonisolation/output/muonbdt_scan_dr0.5_dz10.0_K10_d0on_iso_rw_v1.0_nMAX_run1/cfg01_d3_n200_lr0.1_L1.0_mcw1.0/summary.csv,0.016734529882462823
1.0,0.5,10.0,10,both,True,True,False,2,400,0.1,1.0,1.0,105,465378,114607,0.8941730696567949,0.8818093034163046,/nfs/ihfs/home_metis/suzunyan/projects/muonisolation/output/muonbdt_scan_dr0.5_dz10.0_K10_d0on_iso_rw_v1.0_nMAX/cfg00_d2_n400_lr0.1_L1.0_mcw1.0/summary.csv,0.012363766240490293
1.0,0.5,10.0,10,both,True,True,False,4,200,0.1,1.0,1.0,105,465378,114607,0.9179064323087304,0.8817938786899518,/nfs/ihfs/home_metis/suzunyan/projects/muonisolation/output/muonbdt_scan_dr0.5_dz10.0_K10_d0on_iso_rw_v1.0_nMAX/cfg02_d4_n200_lr0.1_L1.0_mcw1.0/summary.csv,0.03611255361877852
1.0,0.8,5.0,10,muon-off,True,True,False,2,400,0.1,1.0,1.0,104,465378,114607,0.8962453957723813,0.8816327539927618,/nfs/ihfs/home_metis/suzunyan/projects/muonisolation/output/muonbdt_scan_dr0.8_dz5.0_K10_d0muOFF_iso_rw_v1.0_nMAX/cfg00_d2_n400_lr0.1_L1.0_mcw1.0/summary.csv,0.014612641779619517
1.0,0.6,30.0,10,both,True,True,False,3,200,0.1,1.0,1.0,105,465378,114607,0.9012786183802597,0.8815431016472959,/nfs/ihfs/home_metis/suzunyan/projects/muonisolation/output/muonbdt_scan_dr0.6_dz30.0_K10_d0on_iso_rw_v1.0_nMAX/cfg01_d3_n200_lr0.1_L1.0_mcw1.0/summary.csv,0.01973551673296381
1.0,0.8,5.0,10,none,True,True,False,2,400,0.1,1.0,1.0,84,465378,114607,0.8953352283693937,0.8815383473201044,/nfs/ihfs/home_metis/suzunyan/projects/muonisolation/output/muonbdt_scan_dr0.8_dz5.0_K10_d0off_iso_rw_v1.0_nMAX/cfg00_d2_n400_lr0.1_L1.0_mcw1.0/summary.csv,0.013796881049289333
1.0,0.5,15.0,10,both,True,True,False,2,2000,0.03,1.0,1.0,105,465378,114607,0.9017691455536446,0.8815320758067142,/nfs/ihfs/home_metis/suzunyan/projects/muonisolation/output/muonbdt_scan_dr0.5_dz15.0_K10_d0on_iso_rw_v1.0_nMAX/cfg05_d2_n2000_lr0.03_L1.0_mcw1.0/summary.csv,0.020237069746930403
1.0,0.7,30.0,10,muon-off,True,True,False,3,200,0.1,1.0,1.0,104,465378,114607,0.9008575926466753,0.881436724470952,/nfs/ihfs/home_metis/suzunyan/projects/muonisolation/output/muonbdt_scan_dr0.7_dz30.0_K10_d0muOFF_iso_rw_v1.0_nMAX/cfg01_d3_n200_lr0.1_L1.0_mcw1.0/summary.csv,0.019420868175723305
1.0,0.5,15.0,10,both,True,True,False,2,800,0.05,1.0,1.0,105,465378,114607,0.8942371953822807,0.881217059287419,/nfs/ihfs/home_metis/suzunyan/projects/muonisolation/output/muonbdt_scan_dr0.5_dz15.0_K10_d0on_iso_rw_v1.0_nMAX/cfg03_d2_n800_lr0.05_L1.0_mcw1.0/summary.csv,0.013020136094861745
1.0,0.6,35.0,10,both,True,True,False,2,400,0.1,1.0,1.0,105,465378,114607,0.8949551880501732,0.8811324117479983,/nfs/ihfs/home_metis/suzunyan/projects/muonisolation/output/muonbdt_scan_dr0.6_dz35.0_K10_d0on_iso_rw_v1.0_nMAX/cfg00_d2_n400_lr0.1_L1.0_mcw1.0/summary.csv,0.013822776302174877
1.0,0.7,20.0,10,muon-off,True,True,False,2,400,0.1,1.0,1.0,104,465378,114607,0.897067595204923,0.8810793245441243,/nfs/ihfs/home_metis/suzunyan/projects/muonisolation/output/muonbdt_scan_dr0.7_dz20.0_K10_d0muOFF_iso_rw_v1.0_nMAX/cfg00_d2_n400_lr0.1_L1.0_mcw1.0/summary.csv,0.015988270660798665
1.0,0.5,15.0,10,both,True,True,False,3,200,0.1,1.0,1.0,105,465378,114607,0.8992900590626699,0.8810589355654457,/nfs/ihfs/home_metis/suzunyan/projects/muonisolation/output/muonbdt_scan_dr0.5_dz15.0_K10_d0on_iso_rw_v1.0_nMAX_run1/cfg01_d3_n200_lr0.1_L1.0_mcw1.0/summary.csv,0.018231123497224222
1.0,0.7,25.0,10,muon-off,True,True,False,3,200,0.1,1.0,1.0,104,465378,114607,0.90171049176823,0.8809657121071823,/nfs/ihfs/home_metis/suzunyan/projects/muonisolation/output/muonbdt_scan_dr0.7_dz25.0_K10_d0muOFF_iso_rw_v1.0_nMAX/cfg01_d3_n200_lr0.1_L1.0_mcw1.0/summary.csv,0.020744779661047708
1.0*,0.5,15.0,10,both,True,False,False,8,400,0.05,1.0,1.0,105,465378,114607,0.994751830060512,0.8809353826962872,/nfs/ihfs/home_metis/suzunyan/projects/muonisolation/output/muonbdt_scan_dr0.5_dz15.0_K10_d0on_iso_norw_nMAX/cfg03_d8_n400_lr0.05_L1.0_mcw1.0/summary.csv,0.1138164473642248
1.0,0.7,35.0,10,muon-off,True,True,False,3,200,0.1,1.0,1.0,104,465378,114607,0.9005661963756573,0.8809266111653874,/nfs/ihfs/home_metis/suzunyan/projects/muonisolation/output/muonbdt_scan_dr0.7_dz35.0_K10_d0muOFF_iso_rw_v1.0_nMAX/cfg01_d3_n200_lr0.1_L1.0_mcw1.0/summary.csv,0.019639585210269872
1.0,0.7,25.0,10,muon-off,True,True,False,2,400,0.1,1.0,1.0,104,465378,114607,0.8963316663498669,0.8809188463209274,/nfs/ihfs/home_metis/suzunyan/projects/muonisolation/output/muonbdt_scan_dr0.7_dz25.0_K10_d0muOFF_iso_rw_v1.0_nMAX/cfg00_d2_n400_lr0.1_L1.0_mcw1.0/summary.csv,0.015412820028939511
1.0,0.5,15.0,10,both,True,True,False,2,1500,0.03,1.0,1.0,105,465378,114607,0.8965605315985827,0.8809035838094514,/nfs/ihfs/home_metis/suzunyan/projects/muonisolation/output/muonbdt_scan_dr0.5_dz15.0_K10_d0on_iso_rw_v1.0_nMAX/cfg04_d2_n1500_lr0.03_L1.0_mcw1.0/summary.csv,0.015656947789131292
1.0,0.5,15.0,10,both,True,True,False,2,400,0.1,1.0,1.0,105,465378,114607,0.894238857957677,0.880855756661502,/nfs/ihfs/home_metis/suzunyan/projects/muonisolation/output/muonbdt_scan_dr0.5_dz15.0_K10_d0on_iso_rw_v1.0_nMAX_run1/cfg00_d2_n400_lr0.1_L1.0_mcw1.0/summary.csv,0.013383101296175037
1.0*,0.5,15.0,10,both,True,True,False,4,200,0.1,1.0,1.0,105,465378,114607,0.9199094995321859,0.8807787022096127,/nfs/ihfs/home_metis/suzunyan/projects/muonisolation/output/muonbdt_scan_dr0.5_dz15.0_K10_d0on_iso_rw_nMAX/cfg01_d4_n200_lr0.1_L1.0_mcw1.0/summary.csv,0.039130797322573185
1.0,0.6,15.0,10,none,True,True,False,3,200,0.1,1.0,1.0,84,465378,114607,0.8988125295649596,0.8806865212204826,/nfs/ihfs/home_metis/suzunyan/projects/muonisolation/output/muonbdt_scan_dr0.6_dz15.0_K10_d0off_iso_rw_v1.0_nMAX/cfg01_d3_n200_lr0.1_L1.0_mcw1.0/summary.csv,0.018126008344476974
1.0,0.7,30.0,10,none,True,True,False,2,400,0.1,1.0,1.0,84,465378,114607,0.8953308431192762,0.8805400650420586,/nfs/ihfs/home_metis/suzunyan/projects/muonisolation/output/muonbdt_scan_dr0.7_dz30.0_K10_d0off_iso_rw_v1.0_nMAX/cfg00_d2_n400_lr0.1_L1.0_mcw1.0/summary.csv,0.014790778077217626
1.0,0.7,35.0,10,none,True,True,False,2,400,0.1,1.0,1.0,84,465378,114607,0.8944722547784236,0.8804274712191209,/nfs/ihfs/home_metis/suzunyan/projects/muonisolation/output/muonbdt_scan_dr0.7_dz35.0_K10_d0off_iso_rw_v1.0_nMAX/cfg00_d2_n400_lr0.1_L1.0_mcw1.0/summary.csv,0.01404478355930272
1.0,0.6,30.0,10,both,True,True,False,2,400,0.1,1.0,1.0,105,465378,114607,0.8951421358903293,0.8802914373465174,/nfs/ihfs/home_metis/suzunyan/projects/muonisolation/output/muonbdt_scan_dr0.6_dz30.0_K10_d0on_iso_rw_v1.0_nMAX/cfg00_d2_n400_lr0.1_L1.0_mcw1.0/summary.csv,0.014850698543811935
1.0,0.7,30.0,10,muon-off,True,True,False,2,400,0.1,1.0,1.0,104,465378,114607,0.8958559801263015,0.8802365156832301,/nfs/ihfs/home_metis/suzunyan/projects/muonisolation/output/muonbdt_scan_dr0.7_dz30.0_K10_d0muOFF_iso_rw_v1.0_nMAX/cfg00_d2_n400_lr0.1_L1.0_mcw1.0/summary.csv,0.015619464443071385
1.0,0.6,10.0,10,none,True,True,False,3,200,0.1,1.0,1.0,84,465378,114607,0.8983873805209884,0.8801101455233475,/nfs/ihfs/home_metis/suzunyan/projects/muonisolation/output/muonbdt_scan_dr0.6_dz10.0_K10_d0off_iso_rw_v1.0_nMAX/cfg01_d3_n200_lr0.1_L1.0_mcw1.0/summary.csv,0.01827723499764089
1.1,0.5,20.0,10,both,True,True,False,4,200,0.1,1.0,1.0,105,465378,114607,0.9198948836477996,0.8800776262116187,/nfs/ihfs/home_metis/suzunyan/projects/muonisolation/output/muonbdt_scan_dr0.5_dz20.0_K10_d0on_iso_rw_v1.1_nMAX/cfg00_d4_n200_lr0.1_L1.0_mcw1.0/summary.csv,0.03981725743618092
1.0,0.5,5.0,10,both,True,True,False,2,400,0.1,1.0,1.0,105,465378,114607,0.8924005373091097,0.8799487918169198,/nfs/ihfs/home_metis/suzunyan/projects/muonisolation/output/muonbdt_scan_dr0.5_dz5.0_K10_d0on_iso_rw_v1.0_nMAX/cfg00_d2_n400_lr0.1_L1.0_mcw1.0/summary.csv,0.01245174549218997
1.0,0.7,5.0,10,none,True,True,False,3,200,0.1,1.0,1.0,84,465378,114607,0.8976850102148209,0.8799310793837049,/nfs/ihfs/home_metis/suzunyan/projects/muonisolation/output/muonbdt_scan_dr0.7_dz5.0_K10_d0off_iso_rw_v1.0_nMAX/cfg01_d3_n200_lr0.1_L1.0_mcw1.0/summary.csv,0.017753930831116094
1.0,0.5,5.0,10,both,True,True,False,3,200,0.1,1.0,1.0,105,465378,114607,0.8963929480533419,0.8798882737403905,/nfs/ihfs/home_metis/suzunyan/projects/muonisolation/output/muonbdt_scan_dr0.5_dz5.0_K10_d0on_iso_rw_v1.0_nMAX/cfg01_d3_n200_lr0.1_L1.0_mcw1.0/summary.csv,0.01650467431295144
1.0,0.7,5.0,10,none,True,True,False,2,400,0.1,1.0,1.0,84,465378,114607,0.893124143537881,0.8795948962085288,/nfs/ihfs/home_metis/suzunyan/projects/muonisolation/output/muonbdt_scan_dr0.7_dz5.0_K10_d0off_iso_rw_v1.0_nMAX/cfg00_d2_n400_lr0.1_L1.0_mcw1.0/summary.csv,0.013529247329352234
1.0,0.6,15.0,10,none,True,True,False,2,400,0.1,1.0,1.0,84,465378,114607,0.8937749942802822,0.8795458572200305,/nfs/ihfs/home_metis/suzunyan/projects/muonisolation/output/muonbdt_scan_dr0.6_dz15.0_K10_d0off_iso_rw_v1.0_nMAX/cfg00_d2_n400_lr0.1_L1.0_mcw1.0/summary.csv,0.01422913706025164
1.0,0.6,10.0,10,none,True,True,False,2,400,0.1,1.0,1.0,84,465378,114607,0.8936874197336159,0.8795116823623554,/nfs/ihfs/home_metis/suzunyan/projects/muonisolation/output/muonbdt_scan_dr0.6_dz10.0_K10_d0off_iso_rw_v1.0_nMAX/cfg00_d2_n400_lr0.1_L1.0_mcw1.0/summary.csv,0.014175737371260433
1.0,0.5,20.0,10,both,True,True,False,3,200,0.1,1.0,1.0,105,465378,114607,0.8986240299192092,0.8792373507654146,/nfs/ihfs/home_metis/suzunyan/projects/muonisolation/output/muonbdt_scan_dr0.5_dz20.0_K10_d0on_iso_rw_v1.0_nMAX/cfg01_d3_n200_lr0.1_L1.0_mcw1.0/summary.csv,0.01938667915379455
1.0,0.7,35.0,10,muon-off,True,True,False,2,400,0.1,1.0,1.0,104,465378,114607,0.8942770080176934,0.8792017684551341,/nfs/ihfs/home_metis/suzunyan/projects/muonisolation/output/muonbdt_scan_dr0.7_dz35.0_K10_d0muOFF_iso_rw_v1.0_nMAX/cfg00_d2_n400_lr0.1_L1.0_mcw1.0/summary.csv,0.015075239562559295
1.0,0.5,20.0,10,both,True,True,False,2,400,0.1,1.0,1.0,105,465378,114607,0.8930437112928884,0.8792008118644647,/nfs/ihfs/home_metis/suzunyan/projects/muonisolation/output/muonbdt_scan_dr0.5_dz20.0_K10_d0on_iso_rw_v1.0_nMAX/cfg00_d2_n400_lr0.1_L1.0_mcw1.0/summary.csv,0.01384289942842365
1.0*,0.5,5.0,10,both,True,True,False,4,200,0.1,1.0,1.0,105,465378,114607,0.9120983301287228,0.8790617650890798,/nfs/ihfs/home_metis/suzunyan/projects/muonisolation/output/muonbdt_scan_dr0.5_dz5.0_K10_d0on_iso_rw_nMAX/cfg01_d4_n200_lr0.1_L1.0_mcw1.0/summary.csv,0.03303656503964292
1.0,0.7,5.0,10,muon-off,True,True,False,3,200,0.1,1.0,1.0,104,465378,114607,0.897956726482297,0.8790500856179662,/nfs/ihfs/home_metis/suzunyan/projects/muonisolation/output/muonbdt_scan_dr0.7_dz5.0_K10_d0muOFF_iso_rw_v1.0_nMAX/cfg01_d3_n200_lr0.1_L1.0_mcw1.0/summary.csv,0.018906640864330804
1.0*,0.5,15.0,10,both,True,True,False,6,300,0.05,3.0,3.0,105,465378,114607,0.9538499571355536,0.8790166836664677,/nfs/ihfs/home_metis/suzunyan/projects/muonisolation/output/muonbdt_scan_dr0.5_dz15.0_K10_d0on_iso_rw_nMAX/cfg02_d6_n300_lr0.05_L3.0_mcw3.0/summary.csv,0.07483327346908597
1.0,0.6,10.0,10,muon-off,True,True,False,2,400,0.1,1.0,1.0,104,465378,114607,0.8943660175768605,0.8789828809488036,/nfs/ihfs/home_metis/suzunyan/projects/muonisolation/output/muonbdt_scan_dr0.6_dz10.0_K10_d0muOFF_iso_rw_v1.0_nMAX/cfg00_d2_n400_lr0.1_L1.0_mcw1.0/summary.csv,0.015383136628056904
1.0,0.5,25.0,10,both,True,True,False,3,200,0.1,1.0,1.0,105,465378,114607,0.8973510173723859,0.8789504904547709,/nfs/ihfs/home_metis/suzunyan/projects/muonisolation/output/muonbdt_scan_dr0.5_dz25.0_K10_d0on_iso_rw_v1.0_nMAX/cfg01_d3_n200_lr0.1_L1.0_mcw1.0/summary.csv,0.018400526917614957
1.0,0.6,10.0,10,muon-off,True,True,False,3,200,0.1,1.0,1.0,104,465378,114607,0.8989919645975528,0.878945635936038,/nfs/ihfs/home_metis/suzunyan/projects/muonisolation/output/muonbdt_scan_dr0.6_dz10.0_K10_d0muOFF_iso_rw_v1.0_nMAX/cfg01_d3_n200_lr0.1_L1.0_mcw1.0/summary.csv,0.02004632866151479
1.0*,0.5,15.0,20,both,True,True,False,3,200,0.1,1.0,1.0,205,465378,114607,0.8994671557359293,0.878762791143976,/nfs/ihfs/home_metis/suzunyan/projects/muonisolation/output/muonbdt_scan_dr0.5_dz15.0_K20_d0on_iso_rw_nMAX/cfg00_d3_n200_lr0.1_L1.0_mcw1.0/summary.csv,0.02070436459195324
1.0,0.6,15.0,10,muon-off,True,True,False,3,200,0.1,1.0,1.0,104,465378,114607,0.8991886328551051,0.8786782318685323,/nfs/ihfs/home_metis/suzunyan/projects/muonisolation/output/muonbdt_scan_dr0.6_dz15.0_K10_d0muOFF_iso_rw_v1.0_nMAX/cfg01_d3_n200_lr0.1_L1.0_mcw1.0/summary.csv,0.020510400986572752
1.0,0.6,15.0,10,muon-off,True,True,False,2,400,0.1,1.0,1.0,104,465378,114607,0.8943829502248766,0.8784435045566065,/nfs/ihfs/home_metis/suzunyan/projects/muonisolation/output/muonbdt_scan_dr0.6_dz15.0_K10_d0muOFF_iso_rw_v1.0_nMAX/cfg00_d2_n400_lr0.1_L1.0_mcw1.0/summary.csv,0.015939445668270102
1.0,0.5,25.0,10,both,True,True,False,4,200,0.1,1.0,1.0,105,465378,114607,0.9186816350818732,0.8783466002519521,/nfs/ihfs/home_metis/suzunyan/projects/muonisolation/output/muonbdt_scan_dr0.5_dz25.0_K10_d0on_iso_rw_v1.0_nMAX/cfg02_d4_n200_lr0.1_L1.0_mcw1.0/summary.csv,0.04033503482992107
1.0,0.7,5.0,10,muon-off,True,True,False,2,400,0.1,1.0,1.0,104,465378,114607,0.8933852648354002,0.8780105220393433,/nfs/ihfs/home_metis/suzunyan/projects/muonisolation/output/muonbdt_scan_dr0.7_dz5.0_K10_d0muOFF_iso_rw_v1.0_nMAX/cfg00_d2_n400_lr0.1_L1.0_mcw1.0/summary.csv,0.015374742796056884
1.0*,0.5,30.0,10,both,True,True,False,4,200,0.1,1.0,1.0,105,465378,114607,0.9184611178215216,0.877988069592014,/nfs/ihfs/home_metis/suzunyan/projects/muonisolation/output/muonbdt_scan_dr0.5_dz30.0_K10_d0on_iso_rw_nMAX/cfg01_d4_n200_lr0.1_L1.0_mcw1.0/summary.csv,0.04047304822950759
1.0*,0.5,15.0,20,both,True,True,False,4,200,0.1,1.0,1.0,205,465378,114607,0.9188828901494477,0.8777990606346421,/nfs/ihfs/home_metis/suzunyan/projects/muonisolation/output/muonbdt_scan_dr0.5_dz15.0_K20_d0on_iso_rw_nMAX/cfg01_d4_n200_lr0.1_L1.0_mcw1.0/summary.csv,0.0410838295148056
1.0,0.6,25.0,10,none,True,True,False,2,400,0.1,1.0,1.0,84,465378,114607,0.8915887130698357,0.8777802460944717,/nfs/ihfs/home_metis/suzunyan/projects/muonisolation/output/muonbdt_scan_dr0.6_dz25.0_K10_d0off_iso_rw_v1.0_nMAX/cfg00_d2_n400_lr0.1_L1.0_mcw1.0/summary.csv,0.013808466975363975
1.0,0.5,30.0,10,both,True,True,False,3,200,0.1,1.0,1.0,105,465378,114607,0.8964816806880043,0.8777600097886181,/nfs/ihfs/home_metis/suzunyan/projects/muonisolation/output/muonbdt_scan_dr0.5_dz30.0_K10_d0on_iso_rw_v1.0_nMAX/cfg01_d3_n200_lr0.1_L1.0_mcw1.0/summary.csv,0.018721670899386145
1.0,0.5,35.0,10,both,True,True,False,3,200,0.1,1.0,1.0,105,465378,114607,0.8957688924378894,0.87768958229154,/nfs/ihfs/home_metis/suzunyan/projects/muonisolation/output/muonbdt_scan_dr0.5_dz35.0_K10_d0on_iso_rw_v1.0_nMAX/cfg01_d3_n200_lr0.1_L1.0_mcw1.0/summary.csv,0.018079310146349337
1.0,0.6,20.0,10,none,True,True,False,2,400,0.1,1.0,1.0,84,465378,114607,0.8923621060642115,0.8776794152355991,/nfs/ihfs/home_metis/suzunyan/projects/muonisolation/output/muonbdt_scan_dr0.6_dz20.0_K10_d0off_iso_rw_v1.0_nMAX/cfg00_d2_n400_lr0.1_L1.0_mcw1.0/summary.csv,0.0146826908286124
1.0*,0.5,30.0,10,both,True,True,False,6,300,0.05,3.0,3.0,105,465378,114607,0.9589608085134503,0.8774292464987302,/nfs/ihfs/home_metis/suzunyan/projects/muonisolation/output/muonbdt_scan_dr0.5_dz30.0_K10_d0on_iso_rw_nMAX/cfg02_d6_n300_lr0.05_L3.0_mcw3.0/summary.csv,0.08153156201472012
1.0,0.5,25.0,10,both,True,True,False,2,400,0.1,1.0,1.0,105,465378,114607,0.89131320212864,0.8773043720554301,/nfs/ihfs/home_metis/suzunyan/projects/muonisolation/output/muonbdt_scan_dr0.5_dz25.0_K10_d0on_iso_rw_v1.0_nMAX_run1/cfg00_d2_n400_lr0.1_L1.0_mcw1.0/summary.csv,0.014008830073209855
1.0*,0.5,5.0,10,both,True,True,False,6,300,0.05,3.0,3.0,105,465378,114607,0.9397933258269056,0.8769140067259631,/nfs/ihfs/home_metis/suzunyan/projects/muonisolation/output/muonbdt_scan_dr0.5_dz5.0_K10_d0on_iso_rw_nMAX/cfg02_d6_n300_lr0.05_L3.0_mcw3.0/summary.csv,0.06287931910094247
1.0,0.5,15.0,10,both,True,True,False,2,200,0.1,1.0,1.0,105,465378,114607,0.8834040502244127,0.8768053513848084,/nfs/ihfs/home_metis/suzunyan/projects/muonisolation/output/muonbdt_scan_dr0.5_dz15.0_K10_d0on_iso_rw_v1.0_nMAX/cfg01_d2_n200_lr0.1_L1.0_mcw1.0/summary.csv,0.006598698839604289
1.0,0.6,20.0,10,none,True,True,False,3,200,0.1,1.0,1.0,84,465378,114607,0.8981139520226877,0.8766496179467518,/nfs/ihfs/home_metis/suzunyan/projects/muonisolation/output/muonbdt_scan_dr0.6_dz20.0_K10_d0off_iso_rw_v1.0_nMAX/cfg01_d3_n200_lr0.1_L1.0_mcw1.0/summary.csv,0.021464334075935954
1.0,0.6,20.0,10,muon-off,True,True,False,2,400,0.1,1.0,1.0,104,465378,114607,0.89252098051741,0.8765618143737763,/nfs/ihfs/home_metis/suzunyan/projects/muonisolation/output/muonbdt_scan_dr0.6_dz20.0_K10_d0muOFF_iso_rw_v1.0_nMAX/cfg00_d2_n400_lr0.1_L1.0_mcw1.0/summary.csv,0.015959166143633685
1.0,0.6,25.0,10,none,True,True,False,3,200,0.1,1.0,1.0,84,465378,114607,0.8974889441395211,0.8764966612456999,/nfs/ihfs/home_metis/suzunyan/projects/muonisolation/output/muonbdt_scan_dr0.6_dz25.0_K10_d0off_iso_rw_v1.0_nMAX/cfg01_d3_n200_lr0.1_L1.0_mcw1.0/summary.csv,0.020992282893821157
1.0,0.6,35.0,10,muon-off,True,True,False,3,200,0.1,1.0,1.0,104,465378,114607,0.8959038657353977,0.8762538613581511,/nfs/ihfs/home_metis/suzunyan/projects/muonisolation/output/muonbdt_scan_dr0.6_dz35.0_K10_d0muOFF_iso_rw_v1.0_nMAX/cfg01_d3_n200_lr0.1_L1.0_mcw1.0/summary.csv,0.01965000437724662
1.0,0.6,5.0,10,none,True,True,False,3,200,0.1,1.0,1.0,84,465378,114607,0.8944382214178641,0.8762120695578155,/nfs/ihfs/home_metis/suzunyan/projects/muonisolation/output/muonbdt_scan_dr0.6_dz5.0_K10_d0off_iso_rw_v1.0_nMAX/cfg01_d3_n200_lr0.1_L1.0_mcw1.0/summary.csv,0.01822615186004861
1.0,0.5,30.0,10,both,True,True,False,2,400,0.1,1.0,1.0,105,465378,114607,0.8902989579759564,0.8760801029846906,/nfs/ihfs/home_metis/suzunyan/projects/muonisolation/output/muonbdt_scan_dr0.5_dz30.0_K10_d0on_iso_rw_v1.0_nMAX/cfg00_d2_n400_lr0.1_L1.0_mcw1.0/summary.csv,0.01421885499126574
1.0,0.5,35.0,10,both,True,True,False,2,400,0.1,1.0,1.0,105,465378,114607,0.8899053611371264,0.876015438886757,/nfs/ihfs/home_metis/suzunyan/projects/muonisolation/output/muonbdt_scan_dr0.5_dz35.0_K10_d0on_iso_rw_v1.0_nMAX/cfg00_d2_n400_lr0.1_L1.0_mcw1.0/summary.csv,0.013889922250369335
1.0,0.6,20.0,10,muon-off,True,True,False,3,200,0.1,1.0,1.0,104,465378,114607,0.8986714524693984,0.8759787163013146,/nfs/ihfs/home_metis/suzunyan/projects/muonisolation/output/muonbdt_scan_dr0.6_dz20.0_K10_d0muOFF_iso_rw_v1.0_nMAX/cfg01_d3_n200_lr0.1_L1.0_mcw1.0/summary.csv,0.02269273616808376
1.0,0.5,10.0,10,none,True,True,False,2,400,0.1,1.0,1.0,84,465378,114607,0.888470005161861,0.8759711279848085,/nfs/ihfs/home_metis/suzunyan/projects/muonisolation/output/muonbdt_scan_dr0.5_dz10.0_K10_d0off_iso_rw_v1.0_nMAX/cfg00_d2_n400_lr0.1_L1.0_mcw1.0/summary.csv,0.012498877177052559
1.1,0.5,10.0,10,both,True,True,False,6,200,0.1,1.0,1.0,105,465378,114607,0.958165539952283,0.8759331291499696,/nfs/ihfs/home_metis/suzunyan/projects/muonisolation/output/muonbdt_scan_dr0.5_dz10.0_K10_d0on_iso_rw_v1.1_nMAX/cfg00_d6_n200_lr0.1_L1.0_mcw1.0/summary.csv,0.08223241080231347
1.0,0.6,25.0,10,muon-off,True,True,False,2,400,0.1,1.0,1.0,104,465378,114607,0.8913615922251367,0.8756780080883391,/nfs/ihfs/home_metis/suzunyan/projects/muonisolation/output/muonbdt_scan_dr0.6_dz25.0_K10_d0muOFF_iso_rw_v1.0_nMAX/cfg00_d2_n400_lr0.1_L1.0_mcw1.0/summary.csv,0.0156835841367976
1.0*,0.5,15.0,20,both,True,True,False,6,300,0.05,3.0,3.0,205,465378,114607,0.9503546157408616,0.8756445536555572,/nfs/ihfs/home_metis/suzunyan/projects/muonisolation/output/muonbdt_scan_dr0.5_dz15.0_K20_d0on_iso_rw_nMAX/cfg02_d6_n300_lr0.05_L3.0_mcw3.0/summary.csv,0.0747100620853044
1.0,0.6,35.0,10,none,True,True,False,3,200,0.1,1.0,1.0,84,465378,114607,0.896108313441349,0.8756386805228198,/nfs/ihfs/home_metis/suzunyan/projects/muonisolation/output/muonbdt_scan_dr0.6_dz35.0_K10_d0off_iso_rw_v1.0_nMAX/cfg01_d3_n200_lr0.1_L1.0_mcw1.0/summary.csv,0.020469632918529213
1.0,0.6,30.0,10,none,True,True,False,3,200,0.1,1.0,1.0,84,465378,114607,0.8963736522182777,0.8756031029835648,/nfs/ihfs/home_metis/suzunyan/projects/muonisolation/output/muonbdt_scan_dr0.6_dz30.0_K10_d0off_iso_rw_v1.0_nMAX/cfg01_d3_n200_lr0.1_L1.0_mcw1.0/summary.csv,0.020770549234712887
1.0,0.6,5.0,10,muon-off,True,True,False,3,200,0.1,1.0,1.0,104,465378,114607,0.89443809492874,0.8754136908745143,/nfs/ihfs/home_metis/suzunyan/projects/muonisolation/output/muonbdt_scan_dr0.6_dz5.0_K10_d0muOFF_iso_rw_v1.0_nMAX/cfg01_d3_n200_lr0.1_L1.0_mcw1.0/summary.csv,0.019024404054225785
1.1,0.5,10.0,10,none,True,True,False,4,200,0.1,1.0,1.0,84,465378,114607,0.9107269705985378,0.8754094017223366,/nfs/ihfs/home_metis/suzunyan/projects/muonisolation/output/muonbdt_scan_dr0.5_dz10.0_K10_d0off_iso_rw_v1.1_nMAX/cfg00_d4_n200_lr0.1_L1.0_mcw1.0/summary.csv,0.03531756887620119
1.0,0.5,10.0,10,none,True,True,False,3,200,0.1,1.0,1.0,84,465378,114607,0.8931954167068747,0.8751925586005536,/nfs/ihfs/home_metis/suzunyan/projects/muonisolation/output/muonbdt_scan_dr0.5_dz10.0_K10_d0off_iso_rw_v1.0_nMAX/cfg01_d3_n200_lr0.1_L1.0_mcw1.0/summary.csv,0.018002858106321185
1.0,0.6,35.0,10,none,True,True,False,2,400,0.1,1.0,1.0,84,465378,114607,0.8901113346456815,0.8750995140557567,/nfs/ihfs/home_metis/suzunyan/projects/muonisolation/output/muonbdt_scan_dr0.6_dz35.0_K10_d0off_iso_rw_v1.0_nMAX/cfg00_d2_n400_lr0.1_L1.0_mcw1.0/summary.csv,0.015011820589924785
1.0,0.6,25.0,10,muon-off,True,True,False,3,200,0.1,1.0,1.0,104,465378,114607,0.8971303692156238,0.875056109648707,/nfs/ihfs/home_metis/suzunyan/projects/muonisolation/output/muonbdt_scan_dr0.6_dz25.0_K10_d0muOFF_iso_rw_v1.0_nMAX/cfg01_d3_n200_lr0.1_L1.0_mcw1.0/summary.csv,0.022074259566916887
1.0,0.6,30.0,10,none,True,True,False,2,400,0.1,1.0,1.0,84,465378,114607,0.8907496525342296,0.8749946731497146,/nfs/ihfs/home_metis/suzunyan/projects/muonisolation/output/muonbdt_scan_dr0.6_dz30.0_K10_d0off_iso_rw_v1.0_nMAX/cfg00_d2_n400_lr0.1_L1.0_mcw1.0/summary.csv,0.015754979384514978
1.0,0.6,5.0,10,none,True,True,False,2,400,0.1,1.0,1.0,84,465378,114607,0.8894705849633247,0.874895087528571,/nfs/ihfs/home_metis/suzunyan/projects/muonisolation/output/muonbdt_scan_dr0.6_dz5.0_K10_d0off_iso_rw_v1.0_nMAX/cfg00_d2_n400_lr0.1_L1.0_mcw1.0/summary.csv,0.014575497434753615
1.0,0.6,35.0,10,muon-off,True,True,False,2,400,0.1,1.0,1.0,104,465378,114607,0.8902758599747851,0.874626774580654,/nfs/ihfs/home_metis/suzunyan/projects/muonisolation/output/muonbdt_scan_dr0.6_dz35.0_K10_d0muOFF_iso_rw_v1.0_nMAX/cfg00_d2_n400_lr0.1_L1.0_mcw1.0/summary.csv,0.015649085394131124
1.0,0.6,5.0,10,muon-off,True,True,False,2,400,0.1,1.0,1.0,104,465378,114607,0.8895760679312493,0.8745678977369937,/nfs/ihfs/home_metis/suzunyan/projects/muonisolation/output/muonbdt_scan_dr0.6_dz5.0_K10_d0muOFF_iso_rw_v1.0_nMAX/cfg00_d2_n400_lr0.1_L1.0_mcw1.0/summary.csv,0.015008170194255599
1.1,0.5,15.0,10,none,True,True,False,4,200,0.1,1.0,1.0,84,465378,114607,0.913270020039215,0.8744931787022249,/nfs/ihfs/home_metis/suzunyan/projects/muonisolation/output/muonbdt_scan_dr0.5_dz15.0_K10_d0off_iso_rw_v1.1_nMAX/cfg00_d4_n200_lr0.1_L1.0_mcw1.0/summary.csv,0.03877684133699011
1.0,0.5,10.0,10,muon-off,True,True,False,2,400,0.1,1.0,1.0,104,465378,114607,0.8888634217426711,0.8744050435429577,/nfs/ihfs/home_metis/suzunyan/projects/muonisolation/output/muonbdt_scan_dr0.5_dz10.0_K10_d0muOFF_iso_rw_v1.0_nMAX/cfg00_d2_n400_lr0.1_L1.0_mcw1.0/summary.csv,0.014458378199713406
1.1,0.5,20.0,10,both,True,True,False,6,200,0.1,1.0,1.0,105,465378,114607,0.9652083948776622,0.8743795280970765,/nfs/ihfs/home_metis/suzunyan/projects/muonisolation/output/muonbdt_scan_dr0.5_dz20.0_K10_d0on_iso_rw_v1.1_nMAX/cfg01_d6_n200_lr0.1_L1.0_mcw1.0/summary.csv,0.09082886678058566
1.0,0.5,15.0,10,none,True,True,False,2,400,0.1,1.0,1.0,84,465378,114607,0.8889415495644363,0.8743392391698621,/nfs/ihfs/home_metis/suzunyan/projects/muonisolation/output/muonbdt_scan_dr0.5_dz15.0_K10_d0off_iso_rw_v1.0_nMAX/cfg00_d2_n400_lr0.1_L1.0_mcw1.0/summary.csv,0.014602310394574158
1.0,0.5,15.0,10,muon-off,True,True,False,2,400,0.1,1.0,1.0,104,465378,114607,0.8893453880557514,0.8742947350413696,/nfs/ihfs/home_metis/suzunyan/projects/muonisolation/output/muonbdt_scan_dr0.5_dz15.0_K10_d0muOFF_iso_rw_v1.0_nMAX/cfg00_d2_n400_lr0.1_L1.0_mcw1.0/summary.csv,0.015050653014381798
1.0,0.5,15.0,10,none,True,True,False,3,200,0.1,1.0,1.0,84,465378,114607,0.8928697581902159,0.8740466178455867,/nfs/ihfs/home_metis/suzunyan/projects/muonisolation/output/muonbdt_scan_dr0.5_dz15.0_K10_d0off_iso_rw_v1.0_nMAX/cfg01_d3_n200_lr0.1_L1.0_mcw1.0/summary.csv,0.018823140344629175
1.0,0.6,30.0,10,muon-off,True,True,False,2,400,0.1,1.0,1.0,104,465378,114607,0.8906247457730208,0.8739087542845958,/nfs/ihfs/home_metis/suzunyan/projects/muonisolation/output/muonbdt_scan_dr0.6_dz30.0_K10_d0muOFF_iso_rw_v1.0_nMAX/cfg00_d2_n400_lr0.1_L1.0_mcw1.0/summary.csv,0.016715991488424953
1.0,0.5,10.0,10,muon-off,True,True,False,3,200,0.1,1.0,1.0,104,465378,114607,0.8930093639866168,0.8738397843358943,/nfs/ihfs/home_metis/suzunyan/projects/muonisolation/output/muonbdt_scan_dr0.5_dz10.0_K10_d0muOFF_iso_rw_v1.0_nMAX/cfg01_d3_n200_lr0.1_L1.0_mcw1.0/summary.csv,0.019169579650722524
1.0,0.6,30.0,10,muon-off,True,True,False,3,200,0.1,1.0,1.0,104,465378,114607,0.8958708363547143,0.8735092405131922,/nfs/ihfs/home_metis/suzunyan/projects/muonisolation/output/muonbdt_scan_dr0.6_dz30.0_K10_d0muOFF_iso_rw_v1.0_nMAX/cfg01_d3_n200_lr0.1_L1.0_mcw1.0/summary.csv,0.022361595841522086
1.0,0.5,15.0,10,muon-off,True,True,False,3,200,0.1,1.0,1.0,104,465378,114607,0.8938901170122591,0.8733306085368957,/nfs/ihfs/home_metis/suzunyan/projects/muonisolation/output/muonbdt_scan_dr0.5_dz15.0_K10_d0muOFF_iso_rw_v1.0_nMAX/cfg01_d3_n200_lr0.1_L1.0_mcw1.0/summary.csv,0.020559508475363364
1.0,0.4,10.0,10,both,True,True,False,2,400,0.1,1.0,1.0,105,465378,114607,0.8864110701457286,0.8732495106406568,/nfs/ihfs/home_metis/suzunyan/projects/muonisolation/output/muonbdt_scan_dr0.4_dz10.0_K10_d0on_iso_rw_v1.0_nMAX/cfg00_d2_n400_lr0.1_L1.0_mcw1.0/summary.csv,0.013161559505071807
1.0,0.4,10.0,10,both,True,True,False,3,200,0.1,1.0,1.0,105,465378,114607,0.891175025615267,0.8732433035361145,/nfs/ihfs/home_metis/suzunyan/projects/muonisolation/output/muonbdt_scan_dr0.4_dz10.0_K10_d0on_iso_rw_v1.0_nMAX/cfg01_d3_n200_lr0.1_L1.0_mcw1.0/summary.csv,0.0179317220791525
1.1,0.5,10.0,10,muon-off,True,True,False,4,200,0.1,1.0,1.0,104,465378,114607,0.9128623970109393,0.8731538014779607,/nfs/ihfs/home_metis/suzunyan/projects/muonisolation/output/muonbdt_scan_dr0.5_dz10.0_K10_d0muOFF_iso_rw_v1.1_nMAX/cfg00_d4_n200_lr0.1_L1.0_mcw1.0/summary.csv,0.03970859553297856
1.1,0.5,15.0,10,muon-off,True,True,False,4,200,0.1,1.0,1.0,104,465378,114607,0.9143094740178752,0.8730891063683595,/nfs/ihfs/home_metis/suzunyan/projects/muonisolation/output/muonbdt_scan_dr0.5_dz15.0_K10_d0muOFF_iso_rw_v1.1_nMAX/cfg00_d4_n200_lr0.1_L1.0_mcw1.0/summary.csv,0.041220367649515754
1.1,0.5,30.0,10,none,True,True,False,4,200,0.1,1.0,1.0,84,465378,114607,0.9139584126360888,0.8730876631330604,/nfs/ihfs/home_metis/suzunyan/projects/muonisolation/output/muonbdt_scan_dr0.5_dz30.0_K10_d0off_iso_rw_v1.1_nMAX/cfg00_d4_n200_lr0.1_L1.0_mcw1.0/summary.csv,0.04087074950302838
1.0,0.5,20.0,10,none,True,True,False,2,400,0.1,1.0,1.0,84,465378,114607,0.8877619020042586,0.8727988347742818,/nfs/ihfs/home_metis/suzunyan/projects/muonisolation/output/muonbdt_scan_dr0.5_dz20.0_K10_d0off_iso_rw_v1.0_nMAX/cfg00_d2_n400_lr0.1_L1.0_mcw1.0/summary.csv,0.014963067229976867
1.1,0.5,20.0,10,none,True,True,False,4,200,0.1,1.0,1.0,84,465378,114607,0.9141792965826812,0.8725438783130409,/nfs/ihfs/home_metis/suzunyan/projects/muonisolation/output/muonbdt_scan_dr0.5_dz20.0_K10_d0off_iso_rw_v1.1_nMAX/cfg00_d4_n200_lr0.1_L1.0_mcw1.0/summary.csv,0.041635418269640234
1.0,0.5,20.0,10,none,True,True,False,3,200,0.1,1.0,1.0,84,465378,114607,0.8932658596899922,0.872274250947521,/nfs/ihfs/home_metis/suzunyan/projects/muonisolation/output/muonbdt_scan_dr0.5_dz20.0_K10_d0off_iso_rw_v1.0_nMAX/cfg01_d3_n200_lr0.1_L1.0_mcw1.0/summary.csv,0.02099160874247119
1.0,0.5,5.0,10,none,True,True,False,3,200,0.1,1.0,1.0,84,465378,114607,0.8881897477199603,0.8722124446940306,/nfs/ihfs/home_metis/suzunyan/projects/muonisolation/output/muonbdt_scan_dr0.5_dz5.0_K10_d0off_iso_rw_v1.0_nMAX/cfg01_d3_n200_lr0.1_L1.0_mcw1.0/summary.csv,0.0159773030259297
1.0,0.4,15.0,10,both,True,True,False,3,200,0.1,1.0,1.0,105,465378,114607,0.8918348187420784,0.8717184502990698,/nfs/ihfs/home_metis/suzunyan/projects/muonisolation/output/muonbdt_scan_dr0.4_dz15.0_K10_d0on_iso_rw_v1.0_nMAX/cfg01_d3_n200_lr0.1_L1.0_mcw1.0/summary.csv,0.02011636844300857
1.1,0.5,20.0,10,muon-off,True,True,False,4,200,0.1,1.0,1.0,104,465378,114607,0.91559589808458,0.8716599408243946,/nfs/ihfs/home_metis/suzunyan/projects/muonisolation/output/muonbdt_scan_dr0.5_dz20.0_K10_d0muOFF_iso_rw_v1.1_nMAX/cfg00_d4_n200_lr0.1_L1.0_mcw1.0/summary.csv,0.0439359572601854
1.0,0.5,20.0,10,muon-off,True,True,False,3,200,0.1,1.0,1.0,104,465378,114607,0.8933639394448794,0.871570985048693,/nfs/ihfs/home_metis/suzunyan/projects/muonisolation/output/muonbdt_scan_dr0.5_dz20.0_K10_d0muOFF_iso_rw_v1.0_nMAX/cfg01_d3_n200_lr0.1_L1.0_mcw1.0/summary.csv,0.021792954396186337
1.0,0.4,15.0,10,both,True,True,False,2,400,0.1,1.0,1.0,105,465378,114607,0.8867223491554701,0.8715137112696953,/nfs/ihfs/home_metis/suzunyan/projects/muonisolation/output/muonbdt_scan_dr0.4_dz15.0_K10_d0on_iso_rw_v1.0_nMAX/cfg00_d2_n400_lr0.1_L1.0_mcw1.0/summary.csv,0.015208637885774756
1.0*,0.4,15.0,10,both,True,True,False,4,200,0.1,1.0,1.0,105,465378,114607,0.9105001190390467,0.8715081959638915,/nfs/ihfs/home_metis/suzunyan/projects/muonisolation/output/muonbdt_scan_dr0.4_dz15.0_K10_d0on_iso_rw_nMAX/cfg01_d4_n200_lr0.1_L1.0_mcw1.0/summary.csv,0.0389919230751552
1.0,0.5,25.0,10,none,True,True,False,3,200,0.1,1.0,1.0,84,465378,114607,0.8915911749801027,0.8714165111614427,/nfs/ihfs/home_metis/suzunyan/projects/muonisolation/output/muonbdt_scan_dr0.5_dz25.0_K10_d0off_iso_rw_v1.0_nMAX/cfg01_d3_n200_lr0.1_L1.0_mcw1.0/summary.csv,0.020174663818659955
1.0,0.5,35.0,10,none,True,True,False,3,200,0.1,1.0,1.0,84,465378,114607,0.8912307826381417,0.8712558993495241,/nfs/ihfs/home_metis/suzunyan/projects/muonisolation/output/muonbdt_scan_dr0.5_dz35.0_K10_d0off_iso_rw_v1.0_nMAX/cfg01_d3_n200_lr0.1_L1.0_mcw1.0/summary.csv,0.01997488328861763
1.0,0.5,5.0,10,muon-off,True,True,False,2,400,0.1,1.0,1.0,104,465378,114607,0.8851748941406203,0.8711828931130109,/nfs/ihfs/home_metis/suzunyan/projects/muonisolation/output/muonbdt_scan_dr0.5_dz5.0_K10_d0muOFF_iso_rw_v1.0_nMAX/cfg00_d2_n400_lr0.1_L1.0_mcw1.0/summary.csv,0.013992001027609446
1.0,0.4,5.0,10,both,True,True,False,2,400,0.1,1.0,1.0,105,465378,114607,0.8842499684978911,0.871011505939364,/nfs/ihfs/home_metis/suzunyan/projects/muonisolation/output/muonbdt_scan_dr0.4_dz5.0_K10_d0on_iso_rw_v1.0_nMAX/cfg00_d2_n400_lr0.1_L1.0_mcw1.0/summary.csv,0.013238462558527009
1.0,0.5,20.0,10,muon-off,True,True,False,2,400,0.1,1.0,1.0,104,465378,114607,0.8878807887058588,0.8709540866440801,/nfs/ihfs/home_metis/suzunyan/projects/muonisolation/output/muonbdt_scan_dr0.5_dz20.0_K10_d0muOFF_iso_rw_v1.0_nMAX/cfg00_d2_n400_lr0.1_L1.0_mcw1.0/summary.csv,0.01692670206177871
1.0,0.5,5.0,10,none,True,True,False,2,400,0.1,1.0,1.0,84,465378,114607,0.8841675616416143,0.8709403007650837,/nfs/ihfs/home_metis/suzunyan/projects/muonisolation/output/muonbdt_scan_dr0.5_dz5.0_K10_d0off_iso_rw_v1.0_nMAX/cfg00_d2_n400_lr0.1_L1.0_mcw1.0/summary.csv,0.013227260876530589
1.0,0.5,30.0,10,none,True,True,False,2,400,0.1,1.0,1.0,84,465378,114607,0.8852103644235048,0.8709213454796525,/nfs/ihfs/home_metis/suzunyan/projects/muonisolation/output/muonbdt_scan_dr0.5_dz30.0_K10_d0off_iso_rw_v1.0_nMAX/cfg00_d2_n400_lr0.1_L1.0_mcw1.0/summary.csv,0.01428901894385226
1.0,0.4,5.0,10,both,True,True,False,3,200,0.1,1.0,1.0,105,465378,114607,0.8879448932763692,0.8707795482079044,/nfs/ihfs/home_metis/suzunyan/projects/muonisolation/output/muonbdt_scan_dr0.4_dz5.0_K10_d0on_iso_rw_v1.0_nMAX/cfg01_d3_n200_lr0.1_L1.0_mcw1.0/summary.csv,0.017165345068464788
1.1,0.5,5.0,10,none,True,True,False,4,200,0.1,1.0,1.0,84,465378,114607,0.9052024342635347,0.8707160124575681,/nfs/ihfs/home_metis/suzunyan/projects/muonisolation/output/muonbdt_scan_dr0.5_dz5.0_K10_d0off_iso_rw_v1.1_nMAX/cfg00_d4_n200_lr0.1_L1.0_mcw1.0/summary.csv,0.034486421805966616
1.0,0.5,5.0,10,muon-off,True,True,False,3,200,0.1,1.0,1.0,104,465378,114607,0.8887936670308033,0.8704955672113199,/nfs/ihfs/home_metis/suzunyan/projects/muonisolation/output/muonbdt_scan_dr0.5_dz5.0_K10_d0muOFF_iso_rw_v1.0_nMAX/cfg01_d3_n200_lr0.1_L1.0_mcw1.0/summary.csv,0.018298099819483382
1.0,0.5,30.0,10,none,True,True,False,3,200,0.1,1.0,1.0,84,465378,114607,0.8911792610176417,0.8704830122569751,/nfs/ihfs/home_metis/suzunyan/projects/muonisolation/output/muonbdt_scan_dr0.5_dz30.0_K10_d0off_iso_rw_v1.0_nMAX/cfg01_d3_n200_lr0.1_L1.0_mcw1.0/summary.csv,0.020696248760666558
1.0,0.5,35.0,10,none,True,True,False,2,400,0.1,1.0,1.0,84,465378,114607,0.8848950229239311,0.8704024487156237,/nfs/ihfs/home_metis/suzunyan/projects/muonisolation/output/muonbdt_scan_dr0.5_dz35.0_K10_d0off_iso_rw_v1.0_nMAX/cfg00_d2_n400_lr0.1_L1.0_mcw1.0/summary.csv,0.014492574208307407
1.0,0.5,25.0,10,none,True,True,False,2,400,0.1,1.0,1.0,84,465378,114607,0.8857376961123224,0.870378891775826,/nfs/ihfs/home_metis/suzunyan/projects/muonisolation/output/muonbdt_scan_dr0.5_dz25.0_K10_d0off_iso_rw_v1.0_nMAX/cfg00_d2_n400_lr0.1_L1.0_mcw1.0/summary.csv,0.015358804336496501
1.0,0.5,25.0,10,muon-off,True,True,False,3,200,0.1,1.0,1.0,104,465378,114607,0.8922314319278233,0.8703535647854632,/nfs/ihfs/home_metis/suzunyan/projects/muonisolation/output/muonbdt_scan_dr0.5_dz25.0_K10_d0muOFF_iso_rw_v1.0_nMAX/cfg01_d3_n200_lr0.1_L1.0_mcw1.0/summary.csv,0.021877867142360063
1.0,0.5,35.0,10,muon-off,True,True,False,3,200,0.1,1.0,1.0,104,465378,114607,0.8911075892830342,0.870209978379047,/nfs/ihfs/home_metis/suzunyan/projects/muonisolation/output/muonbdt_scan_dr0.5_dz35.0_K10_d0muOFF_iso_rw_v1.0_nMAX/cfg01_d3_n200_lr0.1_L1.0_mcw1.0/summary.csv,0.02089761090398723
1.1,0.5,30.0,10,muon-off,True,True,False,4,200,0.1,1.0,1.0,104,465378,114607,0.9153264041178922,0.8701970465136654,/nfs/ihfs/home_metis/suzunyan/projects/muonisolation/output/muonbdt_scan_dr0.5_dz30.0_K10_d0muOFF_iso_rw_v1.1_nMAX/cfg00_d4_n200_lr0.1_L1.0_mcw1.0/summary.csv,0.04512935760422687
1.0,0.5,30.0,10,muon-off,True,True,False,3,200,0.1,1.0,1.0,104,465378,114607,0.8912070401447674,0.8701417479393415,/nfs/ihfs/home_metis/suzunyan/projects/muonisolation/output/muonbdt_scan_dr0.5_dz30.0_K10_d0muOFF_iso_rw_v1.0_nMAX/cfg01_d3_n200_lr0.1_L1.0_mcw1.0/summary.csv,0.021065292205425856
1.0,0.5,25.0,10,muon-off,True,True,False,2,400,0.1,1.0,1.0,104,465378,114607,0.886172703374849,0.8700646696323235,/nfs/ihfs/home_metis/suzunyan/projects/muonisolation/output/muonbdt_scan_dr0.5_dz25.0_K10_d0muOFF_iso_rw_v1.0_nMAX/cfg00_d2_n400_lr0.1_L1.0_mcw1.0/summary.csv,0.01610803374252545
1.1,0.5,30.0,10,none,True,True,False,6,200,0.1,1.0,1.0,84,465378,114607,0.9668150675167857,0.8700485220955652,/nfs/ihfs/home_metis/suzunyan/projects/muonisolation/output/muonbdt_scan_dr0.5_dz30.0_K10_d0off_iso_rw_v1.1_nMAX/cfg01_d6_n200_lr0.1_L1.0_mcw1.0/summary.csv,0.09676654542122054
1.1,0.5,5.0,10,muon-off,True,True,False,4,200,0.1,1.0,1.0,104,465378,114607,0.9064067326588447,0.8700255018961679,/nfs/ihfs/home_metis/suzunyan/projects/muonisolation/output/muonbdt_scan_dr0.5_dz5.0_K10_d0muOFF_iso_rw_v1.1_nMAX/cfg00_d4_n200_lr0.1_L1.0_mcw1.0/summary.csv,0.03638123076267685
1.0*,0.5,15.0,10,both,True,True,False,8,400,0.05,1.0,1.0,105,465378,114607,0.9908558815970034,0.8699541989158588,/nfs/ihfs/home_metis/suzunyan/projects/muonisolation/output/muonbdt_scan_dr0.5_dz15.0_K10_d0on_iso_rw_nMAX/cfg03_d8_n400_lr0.05_L1.0_mcw1.0/summary.csv,0.12090168268114465
1.0,0.4,20.0,10,both,True,True,False,3,200,0.1,1.0,1.0,105,465378,114607,0.8906349398268114,0.869105631426846,/nfs/ihfs/home_metis/suzunyan/projects/muonisolation/output/muonbdt_scan_dr0.4_dz20.0_K10_d0on_iso_rw_v1.0_nMAX/cfg01_d3_n200_lr0.1_L1.0_mcw1.0/summary.csv,0.021529308399965363
1.0,0.5,30.0,10,muon-off,True,True,False,2,400,0.1,1.0,1.0,104,465378,114607,0.8856069062112075,0.8690977687763576,/nfs/ihfs/home_metis/suzunyan/projects/muonisolation/output/muonbdt_scan_dr0.5_dz30.0_K10_d0muOFF_iso_rw_v1.0_nMAX/cfg00_d2_n400_lr0.1_L1.0_mcw1.0/summary.csv,0.01650913743484994
1.0,0.4,20.0,10,both,True,True,False,2,400,0.1,1.0,1.0,105,465378,114607,0.884937230478855,0.8688910974815416,/nfs/ihfs/home_metis/suzunyan/projects/muonisolation/output/muonbdt_scan_dr0.4_dz20.0_K10_d0on_iso_rw_v1.0_nMAX/cfg00_d2_n400_lr0.1_L1.0_mcw1.0/summary.csv,0.01604613299731339
1.0*,0.5,30.0,10,both,True,True,False,8,400,0.05,1.0,1.0,105,465378,114607,0.9952240993148151,0.8688587761673827,/nfs/ihfs/home_metis/suzunyan/projects/muonisolation/output/muonbdt_scan_dr0.5_dz30.0_K10_d0on_iso_rw_nMAX/cfg03_d8_n400_lr0.05_L1.0_mcw1.0/summary.csv,0.12636532314743243
1.0,0.4,35.0,10,both,True,True,False,2,400,0.1,1.0,1.0,105,465378,114607,0.8830636947292947,0.8687265877415591,/nfs/ihfs/home_metis/suzunyan/projects/muonisolation/output/muonbdt_scan_dr0.4_dz35.0_K10_d0on_iso_rw_v1.0_nMAX/cfg00_d2_n400_lr0.1_L1.0_mcw1.0/summary.csv,0.014337106987735604
1.0,0.4,35.0,10,both,True,True,False,3,200,0.1,1.0,1.0,105,465378,114607,0.889763938069571,0.8684996205030673,/nfs/ihfs/home_metis/suzunyan/projects/muonisolation/output/muonbdt_scan_dr0.4_dz35.0_K10_d0on_iso_rw_v1.0_nMAX/cfg01_d3_n200_lr0.1_L1.0_mcw1.0/summary.csv,0.02126431756650371
1.0,0.5,35.0,10,muon-off,True,True,False,2,400,0.1,1.0,1.0,104,465378,114607,0.8850507502807137,0.8684819677076746,/nfs/ihfs/home_metis/suzunyan/projects/muonisolation/output/muonbdt_scan_dr0.5_dz35.0_K10_d0muOFF_iso_rw_v1.0_nMAX/cfg00_d2_n400_lr0.1_L1.0_mcw1.0/summary.csv,0.016568782573039065
1.0,0.4,30.0,10,both,True,True,False,3,200,0.1,1.0,1.0,105,465378,114607,0.8903849341467005,0.8683852733281547,/nfs/ihfs/home_metis/suzunyan/projects/muonisolation/output/muonbdt_scan_dr0.4_dz30.0_K10_d0on_iso_rw_v1.0_nMAX/cfg01_d3_n200_lr0.1_L1.0_mcw1.0/summary.csv,0.021999660818545763
1.0,0.4,25.0,10,both,True,True,False,2,400,0.1,1.0,1.0,105,465378,114607,0.884417147601136,0.8682395399601366,/nfs/ihfs/home_metis/suzunyan/projects/muonisolation/output/muonbdt_scan_dr0.4_dz25.0_K10_d0on_iso_rw_v1.0_nMAX/cfg00_d2_n400_lr0.1_L1.0_mcw1.0/summary.csv,0.016177607640999403
1.0*,0.4,15.0,10,both,True,True,False,6,300,0.05,3.0,3.0,105,465378,114607,0.9440807603328056,0.8681902123245787,/nfs/ihfs/home_metis/suzunyan/projects/muonisolation/output/muonbdt_scan_dr0.4_dz15.0_K10_d0on_iso_rw_nMAX/cfg02_d6_n300_lr0.05_L3.0_mcw3.0/summary.csv,0.07589054800822692
1.0,0.4,25.0,10,both,True,True,False,3,200,0.1,1.0,1.0,105,465378,114607,0.8897758793186596,0.867817113337416,/nfs/ihfs/home_metis/suzunyan/projects/muonisolation/output/muonbdt_scan_dr0.4_dz25.0_K10_d0on_iso_rw_v1.0_nMAX/cfg01_d3_n200_lr0.1_L1.0_mcw1.0/summary.csv,0.02195876598124369
1.0,0.4,30.0,10,both,True,True,False,2,400,0.1,1.0,1.0,105,465378,114607,0.8841594703042368,0.8676033856954685,/nfs/ihfs/home_metis/suzunyan/projects/muonisolation/output/muonbdt_scan_dr0.4_dz30.0_K10_d0on_iso_rw_v1.0_nMAX/cfg00_d2_n400_lr0.1_L1.0_mcw1.0/summary.csv,0.01655608460876834
1.1,0.5,15.0,10,muon-off,True,True,False,6,200,0.1,1.0,1.0,104,465378,114607,0.9611637611667302,0.8675758067809368,/nfs/ihfs/home_metis/suzunyan/projects/muonisolation/output/muonbdt_scan_dr0.5_dz15.0_K10_d0muOFF_iso_rw_v1.1_nMAX/cfg01_d6_n200_lr0.1_L1.0_mcw1.0/summary.csv,0.09358795438579337
1.1,0.5,10.0,10,none,True,True,False,6,200,0.1,1.0,1.0,84,465378,114607,0.954431085339279,0.8673677900568503,/nfs/ihfs/home_metis/suzunyan/projects/muonisolation/output/muonbdt_scan_dr0.5_dz10.0_K10_d0off_iso_rw_v1.1_nMAX/cfg01_d6_n200_lr0.1_L1.0_mcw1.0/summary.csv,0.08706329528242873
1.1,0.5,10.0,10,both,True,True,False,8,200,0.1,1.0,1.0,105,465378,114607,0.9862812799053491,0.8672917255928109,/nfs/ihfs/home_metis/suzunyan/projects/muonisolation/output/muonbdt_scan_dr0.5_dz10.0_K10_d0on_iso_rw_v1.1_nMAX/cfg01_d8_n200_lr0.1_L1.0_mcw1.0/summary.csv,0.11898955431253821
1.1,0.5,15.0,10,none,True,True,False,6,200,0.1,1.0,1.0,84,465378,114607,0.9603897423376645,0.8672852775514668,/nfs/ihfs/home_metis/suzunyan/projects/muonisolation/output/muonbdt_scan_dr0.5_dz15.0_K10_d0off_iso_rw_v1.1_nMAX/cfg01_d6_n200_lr0.1_L1.0_mcw1.0/summary.csv,0.09310446478619772
1.1,0.5,10.0,10,muon-off,True,True,False,6,200,0.1,1.0,1.0,104,465378,114607,0.9573975301646092,0.866667942597995,/nfs/ihfs/home_metis/suzunyan/projects/muonisolation/output/muonbdt_scan_dr0.5_dz10.0_K10_d0muOFF_iso_rw_v1.1_nMAX/cfg01_d6_n200_lr0.1_L1.0_mcw1.0/summary.csv,0.0907295875666142
1.0*,0.5,15.0,20,both,True,True,False,8,400,0.05,1.0,1.0,205,465378,114607,0.9888634138977009,0.8664623948797503,/nfs/ihfs/home_metis/suzunyan/projects/muonisolation/output/muonbdt_scan_dr0.5_dz15.0_K20_d0on_iso_rw_nMAX/cfg03_d8_n400_lr0.05_L1.0_mcw1.0/summary.csv,0.12240101901795064
1.1,0.5,20.0,10,none,True,True,False,6,200,0.1,1.0,1.0,84,465378,114607,0.9632053136977992,0.8662309691176655,/nfs/ihfs/home_metis/suzunyan/projects/muonisolation/output/muonbdt_scan_dr0.5_dz20.0_K10_d0off_iso_rw_v1.1_nMAX/cfg01_d6_n200_lr0.1_L1.0_mcw1.0/summary.csv,0.09697434458013365
1.0,0.4,10.0,10,none,True,True,False,3,200,0.1,1.0,1.0,84,465378,114607,0.8849901555263022,0.865670340191123,/nfs/ihfs/home_metis/suzunyan/projects/muonisolation/output/muonbdt_scan_dr0.4_dz10.0_K10_d0off_iso_rw_v1.0_nMAX/cfg01_d3_n200_lr0.1_L1.0_mcw1.0/summary.csv,0.019319815335179236
1.0*,0.5,5.0,10,both,True,True,False,8,400,0.05,1.0,1.0,105,465378,114607,0.9807106172031311,0.8651041100803131,/nfs/ihfs/home_metis/suzunyan/projects/muonisolation/output/muonbdt_scan_dr0.5_dz5.0_K10_d0on_iso_rw_nMAX/cfg03_d8_n400_lr0.05_L1.0_mcw1.0/summary.csv,0.11560650712281806
1.1,0.5,20.0,10,muon-off,True,True,False,6,200,0.1,1.0,1.0,104,465378,114607,0.9642224481490025,0.8649025437830834,/nfs/ihfs/home_metis/suzunyan/projects/muonisolation/output/muonbdt_scan_dr0.5_dz20.0_K10_d0muOFF_iso_rw_v1.1_nMAX/cfg01_d6_n200_lr0.1_L1.0_mcw1.0/summary.csv,0.09931990436591909
1.0,0.4,10.0,10,none,True,True,False,2,400,0.1,1.0,1.0,84,465378,114607,0.879815491634084,0.8647202476589865,/nfs/ihfs/home_metis/suzunyan/projects/muonisolation/output/muonbdt_scan_dr0.4_dz10.0_K10_d0off_iso_rw_v1.0_nMAX/cfg00_d2_n400_lr0.1_L1.0_mcw1.0/summary.csv,0.015095243975097539
1.1,0.5,30.0,10,muon-off,True,True,False,6,200,0.1,1.0,1.0,104,465378,114607,0.9680431490994159,0.8646826352772357,/nfs/ihfs/home_metis/suzunyan/projects/muonisolation/output/muonbdt_scan_dr0.5_dz30.0_K10_d0muOFF_iso_rw_v1.1_nMAX/cfg01_d6_n200_lr0.1_L1.0_mcw1.0/summary.csv,0.10336051382218026
1.0,0.4,10.0,10,muon-off,True,True,False,3,200,0.1,1.0,1.0,104,465378,114607,0.8852389915125627,0.8645394448659591,/nfs/ihfs/home_metis/suzunyan/projects/muonisolation/output/muonbdt_scan_dr0.4_dz10.0_K10_d0muOFF_iso_rw_v1.0_nMAX/cfg01_d3_n200_lr0.1_L1.0_mcw1.0/summary.csv,0.02069954664660356
1.0,0.4,10.0,10,muon-off,True,True,False,2,400,0.1,1.0,1.0,104,465378,114607,0.880315156581583,0.8644643703897698,/nfs/ihfs/home_metis/suzunyan/projects/muonisolation/output/muonbdt_scan_dr0.4_dz10.0_K10_d0muOFF_iso_rw_v1.0_nMAX/cfg00_d2_n400_lr0.1_L1.0_mcw1.0/summary.csv,0.015850786191813238
1.1,0.5,20.0,10,both,True,True,False,8,200,0.1,1.0,1.0,105,465378,114607,0.9914182438684171,0.8642271478313598,/nfs/ihfs/home_metis/suzunyan/projects/muonisolation/output/muonbdt_scan_dr0.5_dz20.0_K10_d0on_iso_rw_v1.1_nMAX/cfg02_d8_n200_lr0.1_L1.0_mcw1.0/summary.csv,0.12719109603705736
1.0,0.4,15.0,10,none,True,True,False,2,400,0.1,1.0,1.0,84,465378,114607,0.8807340847405887,0.863837541094992,/nfs/ihfs/home_metis/suzunyan/projects/muonisolation/output/muonbdt_scan_dr0.4_dz15.0_K10_d0off_iso_rw_v1.0_nMAX/cfg00_d2_n400_lr0.1_L1.0_mcw1.0/summary.csv,0.016896543645596673
1.0,0.4,20.0,10,none,True,True,False,3,200,0.1,1.0,1.0,84,465378,114607,0.8849270312832302,0.8633279239761088,/nfs/ihfs/home_metis/suzunyan/projects/muonisolation/output/muonbdt_scan_dr0.4_dz20.0_K10_d0off_iso_rw_v1.0_nMAX/cfg01_d3_n200_lr0.1_L1.0_mcw1.0/summary.csv,0.021599107307121446
1.0,0.4,15.0,10,muon-off,True,True,False,2,400,0.1,1.0,1.0,104,465378,114607,0.8810965446875798,0.8633108055356037,/nfs/ihfs/home_metis/suzunyan/projects/muonisolation/output/muonbdt_scan_dr0.4_dz15.0_K10_d0muOFF_iso_rw_v1.0_nMAX/cfg00_d2_n400_lr0.1_L1.0_mcw1.0/summary.csv,0.01778573915197612
1.1,0.5,5.0,10,none,True,True,False,6,200,0.1,1.0,1.0,84,465378,114607,0.9446760221168592,0.8632489014760847,/nfs/ihfs/home_metis/suzunyan/projects/muonisolation/output/muonbdt_scan_dr0.5_dz5.0_K10_d0off_iso_rw_v1.1_nMAX/cfg01_d6_n200_lr0.1_L1.0_mcw1.0/summary.csv,0.08142712064077451
1.0,0.4,5.0,10,none,True,True,False,3,200,0.1,1.0,1.0,84,465378,114607,0.8804849681570843,0.863070169308247,/nfs/ihfs/home_metis/suzunyan/projects/muonisolation/output/muonbdt_scan_dr0.4_dz5.0_K10_d0off_iso_rw_v1.0_nMAX/cfg01_d3_n200_lr0.1_L1.0_mcw1.0/summary.csv,0.017414798848837343
1.0,0.4,15.0,10,muon-off,True,True,False,3,200,0.1,1.0,1.0,104,465378,114607,0.8862894654705129,0.8628633238709899,/nfs/ihfs/home_metis/suzunyan/projects/muonisolation/output/muonbdt_scan_dr0.4_dz15.0_K10_d0muOFF_iso_rw_v1.0_nMAX/cfg01_d3_n200_lr0.1_L1.0_mcw1.0/summary.csv,0.023426141599523054
1.0,0.4,15.0,10,none,True,True,False,3,200,0.1,1.0,1.0,84,465378,114607,0.8853101459786387,0.8626597418153672,/nfs/ihfs/home_metis/suzunyan/projects/muonisolation/output/muonbdt_scan_dr0.4_dz15.0_K10_d0off_iso_rw_v1.0_nMAX/cfg01_d3_n200_lr0.1_L1.0_mcw1.0/summary.csv,0.022650404163271465
1.0,0.4,5.0,10,none,True,True,False,2,400,0.1,1.0,1.0,84,465378,114607,0.8762488717816542,0.862631590377742,/nfs/ihfs/home_metis/suzunyan/projects/muonisolation/output/muonbdt_scan_dr0.4_dz5.0_K10_d0off_iso_rw_v1.0_nMAX/cfg00_d2_n400_lr0.1_L1.0_mcw1.0/summary.csv,0.013617281403912274
1.1,0.4,15.0,10,muon-off,True,True,False,4,200,0.1,1.0,1.0,104,465378,114607,0.9066641649106117,0.8619389829505104,/nfs/ihfs/home_metis/suzunyan/projects/muonisolation/output/muonbdt_scan_dr0.4_dz15.0_K10_d0muOFF_iso_rw_v1.1_nMAX/cfg00_d4_n200_lr0.1_L1.0_mcw1.0/summary.csv,0.044725181960101335
1.0,0.4,5.0,10,muon-off,True,True,False,3,200,0.1,1.0,1.0,104,465378,114607,0.8812665465109506,0.8618923032342612,/nfs/ihfs/home_metis/suzunyan/projects/muonisolation/output/muonbdt_scan_dr0.4_dz5.0_K10_d0muOFF_iso_rw_v1.0_nMAX/cfg01_d3_n200_lr0.1_L1.0_mcw1.0/summary.csv,0.01937424327668935
1.0,0.4,20.0,10,muon-off,True,True,False,2,400,0.1,1.0,1.0,104,465378,114607,0.8799964676009647,0.8618664061063176,/nfs/ihfs/home_metis/suzunyan/projects/muonisolation/output/muonbdt_scan_dr0.4_dz20.0_K10_d0muOFF_iso_rw_v1.0_nMAX/cfg00_d2_n400_lr0.1_L1.0_mcw1.0/summary.csv,0.01813006149464713
1.0,0.4,5.0,10,muon-off,True,True,False,2,400,0.1,1.0,1.0,104,465378,114607,0.8772195842836246,0.8617990463788171,/nfs/ihfs/home_metis/suzunyan/projects/muonisolation/output/muonbdt_scan_dr0.4_dz5.0_K10_d0muOFF_iso_rw_v1.0_nMAX/cfg00_d2_n400_lr0.1_L1.0_mcw1.0/summary.csv,0.015420537904807463
1.1,0.5,5.0,10,muon-off,True,True,False,6,200,0.1,1.0,1.0,104,465378,114607,0.9461281199046332,0.8617738863743569,/nfs/ihfs/home_metis/suzunyan/projects/muonisolation/output/muonbdt_scan_dr0.5_dz5.0_K10_d0muOFF_iso_rw_v1.1_nMAX/cfg01_d6_n200_lr0.1_L1.0_mcw1.0/summary.csv,0.08435423353027627
1.0,0.4,35.0,10,none,True,True,False,3,200,0.1,1.0,1.0,84,465378,114607,0.8843768661773439,0.8616788523118092,/nfs/ihfs/home_metis/suzunyan/projects/muonisolation/output/muonbdt_scan_dr0.4_dz35.0_K10_d0off_iso_rw_v1.0_nMAX/cfg01_d3_n200_lr0.1_L1.0_mcw1.0/summary.csv,0.022698013865534716
1.0,0.4,20.0,10,none,True,True,False,2,400,0.1,1.0,1.0,84,465378,114607,0.8786720713817104,0.8616141214195144,/nfs/ihfs/home_metis/suzunyan/projects/muonisolation/output/muonbdt_scan_dr0.4_dz20.0_K10_d0off_iso_rw_v1.0_nMAX/cfg00_d2_n400_lr0.1_L1.0_mcw1.0/summary.csv,0.017057949962196006
1.1,0.4,15.0,10,none,True,True,False,4,200,0.1,1.0,1.0,84,465378,114607,0.9047449473421398,0.8613885687901669,/nfs/ihfs/home_metis/suzunyan/projects/muonisolation/output/muonbdt_scan_dr0.4_dz15.0_K10_d0off_iso_rw_v1.1_nMAX/cfg00_d4_n200_lr0.1_L1.0_mcw1.0/summary.csv,0.04335637855197294
1.0,0.4,25.0,10,none,True,True,False,3,200,0.1,1.0,1.0,84,465378,114607,0.8847671810567894,0.861090320040982,/nfs/ihfs/home_metis/suzunyan/projects/muonisolation/output/muonbdt_scan_dr0.4_dz25.0_K10_d0off_iso_rw_v1.0_nMAX/cfg01_d3_n200_lr0.1_L1.0_mcw1.0/summary.csv,0.02367686101580746
1.0,0.4,25.0,10,none,True,True,False,2,400,0.1,1.0,1.0,84,465378,114607,0.8788661541780627,0.8610759568678659,/nfs/ihfs/home_metis/suzunyan/projects/muonisolation/output/muonbdt_scan_dr0.4_dz25.0_K10_d0off_iso_rw_v1.0_nMAX/cfg00_d2_n400_lr0.1_L1.0_mcw1.0/summary.csv,0.01779019731019682
1.0,0.4,20.0,10,muon-off,True,True,False,3,200,0.1,1.0,1.0,104,465378,114607,0.8855658313289269,0.8610366460009367,/nfs/ihfs/home_metis/suzunyan/projects/muonisolation/output/muonbdt_scan_dr0.4_dz20.0_K10_d0muOFF_iso_rw_v1.0_nMAX/cfg01_d3_n200_lr0.1_L1.0_mcw1.0/summary.csv,0.0245291853279902
1.1,0.5,30.0,10,none,True,True,False,8,200,0.1,1.0,1.0,84,465378,114607,0.994413645888568,0.8610319894797737,/nfs/ihfs/home_metis/suzunyan/projects/muonisolation/output/muonbdt_scan_dr0.5_dz30.0_K10_d0off_iso_rw_v1.1_nMAX/cfg02_d8_n200_lr0.1_L1.0_mcw1.0/summary.csv,0.1333816564087943
1.0,0.4,35.0,10,none,True,True,False,2,400,0.1,1.0,1.0,84,465378,114607,0.877048353855673,0.8608937633208231,/nfs/ihfs/home_metis/suzunyan/projects/muonisolation/output/muonbdt_scan_dr0.4_dz35.0_K10_d0off_iso_rw_v1.0_nMAX/cfg00_d2_n400_lr0.1_L1.0_mcw1.0/summary.csv,0.01615459053484991
1.0,0.4,35.0,10,muon-off,True,True,False,3,200,0.1,1.0,1.0,104,465378,114607,0.8841231777685917,0.8607286047213346,/nfs/ihfs/home_metis/suzunyan/projects/muonisolation/output/muonbdt_scan_dr0.4_dz35.0_K10_d0muOFF_iso_rw_v1.0_nMAX/cfg01_d3_n200_lr0.1_L1.0_mcw1.0/summary.csv,0.023394573047257117
1.0,0.4,25.0,10,muon-off,True,True,False,3,200,0.1,1.0,1.0,104,465378,114607,0.8852935447585712,0.8607017796288764,/nfs/ihfs/home_metis/suzunyan/projects/muonisolation/output/muonbdt_scan_dr0.4_dz25.0_K10_d0muOFF_iso_rw_v1.0_nMAX/cfg01_d3_n200_lr0.1_L1.0_mcw1.0/summary.csv,0.024591765129694854
1.0,0.4,30.0,10,none,True,True,False,3,200,0.1,1.0,1.0,84,465378,114607,0.8842752633844979,0.8606190238011783,/nfs/ihfs/home_metis/suzunyan/projects/muonisolation/output/muonbdt_scan_dr0.4_dz30.0_K10_d0off_iso_rw_v1.0_nMAX/cfg01_d3_n200_lr0.1_L1.0_mcw1.0/summary.csv,0.023656239583319638
1.0,0.3,5.0,10,both,True,True,False,3,200,0.1,1.0,1.0,105,465378,114607,0.8756657015351605,0.8604970978518114,/nfs/ihfs/home_metis/suzunyan/projects/muonisolation/output/muonbdt_scan_dr0.3_dz5.0_K10_d0on_iso_rw_v1.0_nMAX/cfg01_d3_n200_lr0.1_L1.0_mcw1.0/summary.csv,0.015168603683349158
1.0,0.4,35.0,10,muon-off,True,True,False,2,400,0.1,1.0,1.0,104,465378,114607,0.8773115778696052,0.8604469185881513,/nfs/ihfs/home_metis/suzunyan/projects/muonisolation/output/muonbdt_scan_dr0.4_dz35.0_K10_d0muOFF_iso_rw_v1.0_nMAX/cfg00_d2_n400_lr0.1_L1.0_mcw1.0/summary.csv,0.016864659281453975
1.1,0.5,20.0,10,none,True,True,False,8,200,0.1,1.0,1.0,84,465378,114607,0.9914466062264631,0.860308010172514,/nfs/ihfs/home_metis/suzunyan/projects/muonisolation/output/muonbdt_scan_dr0.5_dz20.0_K10_d0off_iso_rw_v1.1_nMAX/cfg02_d8_n200_lr0.1_L1.0_mcw1.0/summary.csv,0.13113859605394906
1.0,0.3,5.0,10,both,True,True,False,2,400,0.1,1.0,1.0,105,465378,114607,0.8718500532449578,0.8602910348627824,/nfs/ihfs/home_metis/suzunyan/projects/muonisolation/output/muonbdt_scan_dr0.3_dz5.0_K10_d0on_iso_rw_v1.0_nMAX/cfg00_d2_n400_lr0.1_L1.0_mcw1.0/summary.csv,0.011559018382175434
1.0,0.4,30.0,10,muon-off,True,True,False,3,200,0.1,1.0,1.0,104,465378,114607,0.8844362947637342,0.8602428164907185,/nfs/ihfs/home_metis/suzunyan/projects/muonisolation/output/muonbdt_scan_dr0.4_dz30.0_K10_d0muOFF_iso_rw_v1.0_nMAX/cfg01_d3_n200_lr0.1_L1.0_mcw1.0/summary.csv,0.024193478273015656
1.0,0.4,30.0,10,none,True,True,False,2,400,0.1,1.0,1.0,84,465378,114607,0.8778122832305493,0.8602402115106417,/nfs/ihfs/home_metis/suzunyan/projects/muonisolation/output/muonbdt_scan_dr0.4_dz30.0_K10_d0off_iso_rw_v1.0_nMAX/cfg00_d2_n400_lr0.1_L1.0_mcw1.0/summary.csv,0.0175720717199076
1.0,0.4,25.0,10,muon-off,True,True,False,2,400,0.1,1.0,1.0,104,465378,114607,0.8786209377493364,0.8602178592548541,/nfs/ihfs/home_metis/suzunyan/projects/muonisolation/output/muonbdt_scan_dr0.4_dz25.0_K10_d0muOFF_iso_rw_v1.0_nMAX/cfg00_d2_n400_lr0.1_L1.0_mcw1.0/summary.csv,0.018403078494482306
1.1,0.5,10.0,10,none,True,True,False,8,200,0.1,1.0,1.0,84,465378,114607,0.9851404139693506,0.8600715533637421,/nfs/ihfs/home_metis/suzunyan/projects/muonisolation/output/muonbdt_scan_dr0.5_dz10.0_K10_d0off_iso_rw_v1.1_nMAX/cfg02_d8_n200_lr0.1_L1.0_mcw1.0/summary.csv,0.1250688606056085
1.0,0.4,30.0,10,muon-off,True,True,False,2,400,0.1,1.0,1.0,104,465378,114607,0.8784513847346459,0.8598598677208293,/nfs/ihfs/home_metis/suzunyan/projects/muonisolation/output/muonbdt_scan_dr0.4_dz30.0_K10_d0muOFF_iso_rw_v1.0_nMAX/cfg00_d2_n400_lr0.1_L1.0_mcw1.0/summary.csv,0.01859151701381656
1.1,0.5,15.0,10,none,True,True,False,8,200,0.1,1.0,1.0,84,465378,114607,0.9900710577173217,0.8598311437601099,/nfs/ihfs/home_metis/suzunyan/projects/muonisolation/output/muonbdt_scan_dr0.5_dz15.0_K10_d0off_iso_rw_v1.1_nMAX/cfg02_d8_n200_lr0.1_L1.0_mcw1.0/summary.csv,0.1302399139572118
1.1,0.5,30.0,10,muon-off,True,True,False,8,200,0.1,1.0,1.0,104,465378,114607,0.9946039179980594,0.8598129804649586,/nfs/ihfs/home_metis/suzunyan/projects/muonisolation/output/muonbdt_scan_dr0.5_dz30.0_K10_d0muOFF_iso_rw_v1.1_nMAX/cfg02_d8_n200_lr0.1_L1.0_mcw1.0/summary.csv,0.13479093753310079
1.0,0.3,10.0,10,both,True,True,False,2,400,0.1,1.0,1.0,105,465378,114607,0.873519803703735,0.8594020114606528,/nfs/ihfs/home_metis/suzunyan/projects/muonisolation/output/muonbdt_scan_dr0.3_dz10.0_K10_d0on_iso_rw_v1.0_nMAX/cfg00_d2_n400_lr0.1_L1.0_mcw1.0/summary.csv,0.014117792243082294
1.0,0.3,10.0,10,both,True,True,False,3,200,0.1,1.0,1.0,105,465378,114607,0.8771776662874269,0.8592624040897386,/nfs/ihfs/home_metis/suzunyan/projects/muonisolation/output/muonbdt_scan_dr0.3_dz10.0_K10_d0on_iso_rw_v1.0_nMAX/cfg01_d3_n200_lr0.1_L1.0_mcw1.0/summary.csv,0.017915262197688242
1.1,0.5,10.0,10,muon-off,True,True,False,8,200,0.1,1.0,1.0,104,465378,114607,0.9865171007336982,0.8584557381346545,/nfs/ihfs/home_metis/suzunyan/projects/muonisolation/output/muonbdt_scan_dr0.5_dz10.0_K10_d0muOFF_iso_rw_v1.1_nMAX/cfg02_d8_n200_lr0.1_L1.0_mcw1.0/summary.csv,0.12806136259904377
1.1,0.5,15.0,10,muon-off,True,True,False,8,200,0.1,1.0,1.0,104,465378,114607,0.9898427476398016,0.8575948470860474,/nfs/ihfs/home_metis/suzunyan/projects/muonisolation/output/muonbdt_scan_dr0.5_dz15.0_K10_d0muOFF_iso_rw_v1.1_nMAX/cfg02_d8_n200_lr0.1_L1.0_mcw1.0/summary.csv,0.13224790055375424
1.0*,0.3,15.0,10,both,True,True,False,3,200,0.1,1.0,1.0,105,465378,114607,0.8782485420155464,0.8574799941824021,/nfs/ihfs/home_metis/suzunyan/projects/muonisolation/output/muonbdt_scan_dr0.3_dz15.0_K10_d0on_iso_rw_nMAX/cfg00_d3_n200_lr0.1_L1.0_mcw1.0/summary.csv,0.020768547833144302
1.0,0.3,15.0,10,both,True,True,False,2,400,0.1,1.0,1.0,105,465378,114607,0.8724008427164386,0.8563110713962443,/nfs/ihfs/home_metis/suzunyan/projects/muonisolation/output/muonbdt_scan_dr0.3_dz15.0_K10_d0on_iso_rw_v1.0_nMAX/cfg00_d2_n400_lr0.1_L1.0_mcw1.0/summary.csv,0.01608977132019429
1.0*,0.3,15.0,10,both,True,True,False,4,200,0.1,1.0,1.0,105,465378,114607,0.8967989594838359,0.8560343495153868,/nfs/ihfs/home_metis/suzunyan/projects/muonisolation/output/muonbdt_dr0.3_dz15.0_K10_d0on_iso_rw_nMAX/summary.csv,0.040764609968449106
1.0,0.3,35.0,10,both,True,True,False,3,200,0.1,1.0,1.0,105,465378,114607,0.8785498449852721,0.8559616319259334,/nfs/ihfs/home_metis/suzunyan/projects/muonisolation/output/muonbdt_scan_dr0.3_dz35.0_K10_d0on_iso_rw_v1.0_nMAX/cfg01_d3_n200_lr0.1_L1.0_mcw1.0/summary.csv,0.02258821305933867
1.0,0.3,30.0,10,both,True,True,False,3,200,0.1,1.0,1.0,105,465378,114607,0.8776482191974379,0.8552961668643747,/nfs/ihfs/home_metis/suzunyan/projects/muonisolation/output/muonbdt_scan_dr0.3_dz30.0_K10_d0on_iso_rw_v1.0_nMAX/cfg01_d3_n200_lr0.1_L1.0_mcw1.0/summary.csv,0.022352052333063144
1.0,0.3,20.0,10,both,True,True,False,3,200,0.1,1.0,1.0,105,465378,114607,0.8772603509496658,0.855210097559271,/nfs/ihfs/home_metis/suzunyan/projects/muonisolation/output/muonbdt_scan_dr0.3_dz20.0_K10_d0on_iso_rw_v1.0_nMAX/cfg01_d3_n200_lr0.1_L1.0_mcw1.0/summary.csv,0.02205025339039479
1.0,0.3,35.0,10,both,True,True,False,2,400,0.1,1.0,1.0,105,465378,114607,0.870929257523545,0.8550325080521078,/nfs/ihfs/home_metis/suzunyan/projects/muonisolation/output/muonbdt_scan_dr0.3_dz35.0_K10_d0on_iso_rw_v1.0_nMAX/cfg00_d2_n400_lr0.1_L1.0_mcw1.0/summary.csv,0.015896749471437155
1.0,0.3,25.0,10,both,True,True,False,3,200,0.1,1.0,1.0,105,465378,114607,0.8773758713657991,0.8549723263328963,/nfs/ihfs/home_metis/suzunyan/projects/muonisolation/output/muonbdt_scan_dr0.3_dz25.0_K10_d0on_iso_rw_v1.0_nMAX/cfg01_d3_n200_lr0.1_L1.0_mcw1.0/summary.csv,0.02240354503290276
1.0,0.3,30.0,10,both,True,True,False,2,400,0.1,1.0,1.0,105,465378,114607,0.8710527759894902,0.8545372731904438,/nfs/ihfs/home_metis/suzunyan/projects/muonisolation/output/muonbdt_scan_dr0.3_dz30.0_K10_d0on_iso_rw_v1.0_nMAX/cfg00_d2_n400_lr0.1_L1.0_mcw1.0/summary.csv,0.016515502799046344
1.0,0.3,25.0,10,both,True,True,False,2,400,0.1,1.0,1.0,105,465378,114607,0.8705174838597058,0.8545197038880024,/nfs/ihfs/home_metis/suzunyan/projects/muonisolation/output/muonbdt_scan_dr0.3_dz25.0_K10_d0on_iso_rw_v1.0_nMAX/cfg00_d2_n400_lr0.1_L1.0_mcw1.0/summary.csv,0.015997779971703485
1.0*,0.3,15.0,10,both,True,True,False,6,300,0.05,3.0,3.0,105,465378,114607,0.9285415112177524,0.8543122310608551,/nfs/ihfs/home_metis/suzunyan/projects/muonisolation/output/muonbdt_scan_dr0.3_dz15.0_K10_d0on_iso_rw_nMAX/cfg02_d6_n300_lr0.05_L3.0_mcw3.0/summary.csv,0.07422928015689734
1.0,0.3,20.0,10,both,True,True,False,2,400,0.1,1.0,1.0,105,465378,114607,0.8714499597719337,0.8542961336198671,/nfs/ihfs/home_metis/suzunyan/projects/muonisolation/output/muonbdt_scan_dr0.3_dz20.0_K10_d0on_iso_rw_v1.0_nMAX/cfg00_d2_n400_lr0.1_L1.0_mcw1.0/summary.csv,0.01715382615206662
1.1,0.4,15.0,10,muon-off,True,True,False,6,200,0.1,1.0,1.0,104,465378,114607,0.9521654318362551,0.853649022694491,/nfs/ihfs/home_metis/suzunyan/projects/muonisolation/output/muonbdt_scan_dr0.4_dz15.0_K10_d0muOFF_iso_rw_v1.1_nMAX/cfg01_d6_n200_lr0.1_L1.0_mcw1.0/summary.csv,0.09851640914176407
1.0*,0.4,15.0,10,both,True,True,False,8,400,0.05,1.0,1.0,105,465378,114607,0.9851142144137244,0.8534952048232857,/nfs/ihfs/home_metis/suzunyan/projects/muonisolation/output/muonbdt_scan_dr0.4_dz15.0_K10_d0on_iso_rw_nMAX/cfg03_d8_n400_lr0.05_L1.0_mcw1.0/summary.csv,0.1316190095904387
1.1,0.5,20.0,10,muon-off,True,True,False,8,200,0.1,1.0,1.0,104,465378,114607,0.9915271292615587,0.8533072049378666,/nfs/ihfs/home_metis/suzunyan/projects/muonisolation/output/muonbdt_scan_dr0.5_dz20.0_K10_d0muOFF_iso_rw_v1.1_nMAX/cfg02_d8_n200_lr0.1_L1.0_mcw1.0/summary.csv,0.13821992432369212
1.1,0.4,15.0,10,none,True,True,False,6,200,0.1,1.0,1.0,84,465378,114607,0.9499490625212591,0.8529423598253064,/nfs/ihfs/home_metis/suzunyan/projects/muonisolation/output/muonbdt_scan_dr0.4_dz15.0_K10_d0off_iso_rw_v1.1_nMAX/cfg01_d6_n200_lr0.1_L1.0_mcw1.0/summary.csv,0.09700670269595268
1.1,0.5,5.0,10,none,True,True,False,8,200,0.1,1.0,1.0,84,465378,114607,0.9774645763227019,0.8528388643485346,/nfs/ihfs/home_metis/suzunyan/projects/muonisolation/output/muonbdt_scan_dr0.5_dz5.0_K10_d0off_iso_rw_v1.1_nMAX/cfg02_d8_n200_lr0.1_L1.0_mcw1.0/summary.csv,0.12462571197416727
1.1,0.5,5.0,10,muon-off,True,True,False,8,200,0.1,1.0,1.0,104,465378,114607,0.9790272709998942,0.8513827973756991,/nfs/ihfs/home_metis/suzunyan/projects/muonisolation/output/muonbdt_scan_dr0.5_dz5.0_K10_d0muOFF_iso_rw_v1.1_nMAX/cfg02_d8_n200_lr0.1_L1.0_mcw1.0/summary.csv,0.12764447362419507
1.0,0.3,5.0,10,none,True,True,False,3,200,0.1,1.0,1.0,84,465378,114607,0.8667166596247238,0.8501985834519109,/nfs/ihfs/home_metis/suzunyan/projects/muonisolation/output/muonbdt_scan_dr0.3_dz5.0_K10_d0off_iso_rw_v1.0_nMAX/cfg01_d3_n200_lr0.1_L1.0_mcw1.0/summary.csv,0.016518076172812868
1.0,0.3,10.0,10,none,True,True,False,2,400,0.1,1.0,1.0,84,465378,114607,0.8658018547279187,0.8500478548198992,/nfs/ihfs/home_metis/suzunyan/projects/muonisolation/output/muonbdt_scan_dr0.3_dz10.0_K10_d0off_iso_rw_v1.0_nMAX/cfg00_d2_n400_lr0.1_L1.0_mcw1.0/summary.csv,0.01575399990801951
1.0,0.3,5.0,10,none,True,True,False,2,400,0.1,1.0,1.0,84,465378,114607,0.863202661157698,0.850034128578725,/nfs/ihfs/home_metis/suzunyan/projects/muonisolation/output/muonbdt_scan_dr0.3_dz5.0_K10_d0off_iso_rw_v1.0_nMAX/cfg00_d2_n400_lr0.1_L1.0_mcw1.0/summary.csv,0.013168532578972991
1.0,0.3,5.0,10,muon-off,True,True,False,3,200,0.1,1.0,1.0,104,465378,114607,0.8669998069244156,0.8497701811193983,/nfs/ihfs/home_metis/suzunyan/projects/muonisolation/output/muonbdt_scan_dr0.3_dz5.0_K10_d0muOFF_iso_rw_v1.0_nMAX/cfg01_d3_n200_lr0.1_L1.0_mcw1.0/summary.csv,0.0172296258050173
1.0,0.3,10.0,10,none,True,True,False,3,200,0.1,1.0,1.0,84,465378,114607,0.869618754981321,0.8496146194382698,/nfs/ihfs/home_metis/suzunyan/projects/muonisolation/output/muonbdt_scan_dr0.3_dz10.0_K10_d0off_iso_rw_v1.0_nMAX/cfg01_d3_n200_lr0.1_L1.0_mcw1.0/summary.csv,0.02000413554305125
1.0,0.3,5.0,10,muon-off,True,True,False,2,400,0.1,1.0,1.0,104,465378,114607,0.8628086545881284,0.8494954821534724,/nfs/ihfs/home_metis/suzunyan/projects/muonisolation/output/muonbdt_scan_dr0.3_dz5.0_K10_d0muOFF_iso_rw_v1.0_nMAX/cfg00_d2_n400_lr0.1_L1.0_mcw1.0/summary.csv,0.013313172434656018
1.0,0.3,10.0,10,muon-off,True,True,False,2,400,0.1,1.0,1.0,104,465378,114607,0.8662904468086889,0.849404465294633,/nfs/ihfs/home_metis/suzunyan/projects/muonisolation/output/muonbdt_scan_dr0.3_dz10.0_K10_d0muOFF_iso_rw_v1.0_nMAX/cfg00_d2_n400_lr0.1_L1.0_mcw1.0/summary.csv,0.01688598151405596
1.0,0.3,10.0,10,muon-off,True,True,False,3,200,0.1,1.0,1.0,104,465378,114607,0.870967218951697,0.8486623298487606,/nfs/ihfs/home_metis/suzunyan/projects/muonisolation/output/muonbdt_scan_dr0.3_dz10.0_K10_d0muOFF_iso_rw_v1.0_nMAX/cfg01_d3_n200_lr0.1_L1.0_mcw1.0/summary.csv,0.022304889102936487
1.0,0.3,15.0,10,none,True,True,False,3,200,0.1,1.0,1.0,84,465378,114607,0.8704940979158132,0.8477196443341501,/nfs/ihfs/home_metis/suzunyan/projects/muonisolation/output/muonbdt_scan_dr0.3_dz15.0_K10_d0off_iso_rw_v1.0_nMAX/cfg01_d3_n200_lr0.1_L1.0_mcw1.0/summary.csv,0.02277445358166308
1.0,0.3,15.0,10,none,True,True,False,2,400,0.1,1.0,1.0,84,465378,114607,0.8657534972453425,0.8469988616141644,/nfs/ihfs/home_metis/suzunyan/projects/muonisolation/output/muonbdt_scan_dr0.3_dz15.0_K10_d0off_iso_rw_v1.0_nMAX/cfg00_d2_n400_lr0.1_L1.0_mcw1.0/summary.csv,0.018754635631178074
1.0,0.3,30.0,10,muon-off,True,True,False,3,200,0.1,1.0,1.0,104,465378,114607,0.8711768070228614,0.8467769874456944,/nfs/ihfs/home_metis/suzunyan/projects/muonisolation/output/muonbdt_scan_dr0.3_dz30.0_K10_d0muOFF_iso_rw_v1.0_nMAX/cfg01_d3_n200_lr0.1_L1.0_mcw1.0/summary.csv,0.02439981957716697
1.1,0.3,15.0,10,none,True,True,False,4,200,0.1,1.0,1.0,84,465378,114607,0.8885042527165468,0.8467267628572895,/nfs/ihfs/home_metis/suzunyan/projects/muonisolation/output/muonbdt_scan_dr0.3_dz15.0_K10_d0off_iso_rw_v1.1_nMAX/cfg00_d4_n200_lr0.1_L1.0_mcw1.0/summary.csv,0.04177748985925722
1.0,0.3,15.0,10,muon-off,True,True,False,2,400,0.1,1.0,1.0,104,465378,114607,0.8660040028586578,0.8464480633862456,/nfs/ihfs/home_metis/suzunyan/projects/muonisolation/output/muonbdt_scan_dr0.3_dz15.0_K10_d0muOFF_iso_rw_v1.0_nMAX/cfg00_d2_n400_lr0.1_L1.0_mcw1.0/summary.csv,0.019555939472412187
1.0,0.3,20.0,10,none,True,True,False,3,200,0.1,1.0,1.0,84,465378,114607,0.8702115714558869,0.8464118799267162,/nfs/ihfs/home_metis/suzunyan/projects/muonisolation/output/muonbdt_scan_dr0.3_dz20.0_K10_d0off_iso_rw_v1.0_nMAX/cfg01_d3_n200_lr0.1_L1.0_mcw1.0/summary.csv,0.02379969152917072
1.0,0.3,35.0,10,muon-off,True,True,False,3,200,0.1,1.0,1.0,104,465378,114607,0.8709058774560344,0.8464052076471604,/nfs/ihfs/home_metis/suzunyan/projects/muonisolation/output/muonbdt_scan_dr0.3_dz35.0_K10_d0muOFF_iso_rw_v1.0_nMAX/cfg01_d3_n200_lr0.1_L1.0_mcw1.0/summary.csv,0.024500669808873998
1.0,0.3,35.0,10,none,True,True,False,3,200,0.1,1.0,1.0,84,465378,114607,0.8706760982829977,0.8461579754766603,/nfs/ihfs/home_metis/suzunyan/projects/muonisolation/output/muonbdt_scan_dr0.3_dz35.0_K10_d0off_iso_rw_v1.0_nMAX/cfg01_d3_n200_lr0.1_L1.0_mcw1.0/summary.csv,0.024518122806337472
1.0,0.3,15.0,10,muon-off,True,True,False,3,200,0.1,1.0,1.0,104,465378,114607,0.8700172137917634,0.8457102051649865,/nfs/ihfs/home_metis/suzunyan/projects/muonisolation/output/muonbdt_scan_dr0.3_dz15.0_K10_d0muOFF_iso_rw_v1.0_nMAX/cfg01_d3_n200_lr0.1_L1.0_mcw1.0/summary.csv,0.024307008626776927
1.0,0.3,20.0,10,none,True,True,False,2,400,0.1,1.0,1.0,84,465378,114607,0.8645306028920722,0.8456962093608557,/nfs/ihfs/home_metis/suzunyan/projects/muonisolation/output/muonbdt_scan_dr0.3_dz20.0_K10_d0off_iso_rw_v1.0_nMAX/cfg00_d2_n400_lr0.1_L1.0_mcw1.0/summary.csv,0.01883439353121652
1.0,0.3,25.0,10,muon-off,True,True,False,2,400,0.1,1.0,1.0,104,465378,114607,0.8643051781181472,0.845299472326457,/nfs/ihfs/home_metis/suzunyan/projects/muonisolation/output/muonbdt_scan_dr0.3_dz25.0_K10_d0muOFF_iso_rw_v1.0_nMAX/cfg00_d2_n400_lr0.1_L1.0_mcw1.0/summary.csv,0.019005705791690253
1.0,0.3,20.0,10,muon-off,True,True,False,2,400,0.1,1.0,1.0,104,465378,114607,0.8652951284259089,0.8452781816239056,/nfs/ihfs/home_metis/suzunyan/projects/muonisolation/output/muonbdt_scan_dr0.3_dz20.0_K10_d0muOFF_iso_rw_v1.0_nMAX/cfg00_d2_n400_lr0.1_L1.0_mcw1.0/summary.csv,0.020016946802003388
1.0,0.3,35.0,10,none,True,True,False,2,400,0.1,1.0,1.0,84,465378,114607,0.8633416121782274,0.8451951347636347,/nfs/ihfs/home_metis/suzunyan/projects/muonisolation/output/muonbdt_scan_dr0.3_dz35.0_K10_d0off_iso_rw_v1.0_nMAX/cfg00_d2_n400_lr0.1_L1.0_mcw1.0/summary.csv,0.018146477414592632
1.0,0.3,30.0,10,none,True,True,False,3,200,0.1,1.0,1.0,84,465378,114607,0.8700184612007666,0.8451771265268213,/nfs/ihfs/home_metis/suzunyan/projects/muonisolation/output/muonbdt_scan_dr0.3_dz30.0_K10_d0off_iso_rw_v1.0_nMAX/cfg01_d3_n200_lr0.1_L1.0_mcw1.0/summary.csv,0.024841334673945337
1.1,0.3,15.0,10,muon-off,True,True,False,4,200,0.1,1.0,1.0,104,465378,114607,0.8908933051011411,0.8450220157076291,/nfs/ihfs/home_metis/suzunyan/projects/muonisolation/output/muonbdt_scan_dr0.3_dz15.0_K10_d0muOFF_iso_rw_v1.1_nMAX/cfg00_d4_n200_lr0.1_L1.0_mcw1.0/summary.csv,0.04587128939351193
1.0,0.3,25.0,10,none,True,True,False,3,200,0.1,1.0,1.0,84,465378,114607,0.869536366194919,0.8449951691455548,/nfs/ihfs/home_metis/suzunyan/projects/muonisolation/output/muonbdt_scan_dr0.3_dz25.0_K10_d0off_iso_rw_v1.0_nMAX/cfg01_d3_n200_lr0.1_L1.0_mcw1.0/summary.csv,0.024541197049364194
1.0,0.3,35.0,10,muon-off,True,True,False,2,400,0.1,1.0,1.0,104,465378,114607,0.8642116243527277,0.8449671870793447,/nfs/ihfs/home_metis/suzunyan/projects/muonisolation/output/muonbdt_scan_dr0.3_dz35.0_K10_d0muOFF_iso_rw_v1.0_nMAX/cfg00_d2_n400_lr0.1_L1.0_mcw1.0/summary.csv,0.019244437273382986
1.0,0.3,25.0,10,none,True,True,False,2,400,0.1,1.0,1.0,84,465378,114607,0.8637582246019699,0.8446381604428413,/nfs/ihfs/home_metis/suzunyan/projects/muonisolation/output/muonbdt_scan_dr0.3_dz25.0_K10_d0off_iso_rw_v1.0_nMAX/cfg00_d2_n400_lr0.1_L1.0_mcw1.0/summary.csv,0.01912006415912859
1.0,0.3,30.0,10,none,True,True,False,2,400,0.1,1.0,1.0,84,465378,114607,0.863701796496263,0.8445286463170456,/nfs/ihfs/home_metis/suzunyan/projects/muonisolation/output/muonbdt_scan_dr0.3_dz30.0_K10_d0off_iso_rw_v1.0_nMAX/cfg00_d2_n400_lr0.1_L1.0_mcw1.0/summary.csv,0.01917315017921739
1.0,0.3,30.0,10,muon-off,True,True,False,2,400,0.1,1.0,1.0,104,465378,114607,0.8646182645561027,0.844518865714193,/nfs/ihfs/home_metis/suzunyan/projects/muonisolation/output/muonbdt_scan_dr0.3_dz30.0_K10_d0muOFF_iso_rw_v1.0_nMAX/cfg00_d2_n400_lr0.1_L1.0_mcw1.0/summary.csv,0.0200993988419097
1.0,0.3,20.0,10,muon-off,True,True,False,3,200,0.1,1.0,1.0,104,465378,114607,0.8699903280216215,0.8444554444684755,/nfs/ihfs/home_metis/suzunyan/projects/muonisolation/output/muonbdt_scan_dr0.3_dz20.0_K10_d0muOFF_iso_rw_v1.0_nMAX/cfg01_d3_n200_lr0.1_L1.0_mcw1.0/summary.csv,0.025534883553145926
1.0,0.3,25.0,10,muon-off,True,True,False,3,200,0.1,1.0,1.0,104,465378,114607,0.8697129870281405,0.8443655177890274,/nfs/ihfs/home_metis/suzunyan/projects/muonisolation/output/muonbdt_scan_dr0.3_dz25.0_K10_d0muOFF_iso_rw_v1.0_nMAX/cfg01_d3_n200_lr0.1_L1.0_mcw1.0/summary.csv,0.02534746923911313
1.1,0.4,15.0,10,muon-off,True,True,False,8,200,0.1,1.0,1.0,104,465378,114607,0.9844949777253857,0.8425352377945089,/nfs/ihfs/home_metis/suzunyan/projects/muonisolation/output/muonbdt_scan_dr0.4_dz15.0_K10_d0muOFF_iso_rw_v1.1_nMAX/cfg02_d8_n200_lr0.1_L1.0_mcw1.0/summary.csv,0.14195973993087685
1.1,0.4,15.0,10,none,True,True,False,8,200,0.1,1.0,1.0,84,465378,114607,0.9840263173042194,0.8425199657409814,/nfs/ihfs/home_metis/suzunyan/projects/muonisolation/output/muonbdt_scan_dr0.4_dz15.0_K10_d0off_iso_rw_v1.1_nMAX/cfg02_d8_n200_lr0.1_L1.0_mcw1.0/summary.csv,0.141506351563238
1.1,0.3,15.0,10,none,True,True,False,6,200,0.1,1.0,1.0,84,465378,114607,0.9363757417480894,0.8393493328474266,/nfs/ihfs/home_metis/suzunyan/projects/muonisolation/output/muonbdt_scan_dr0.3_dz15.0_K10_d0off_iso_rw_v1.1_nMAX/cfg01_d6_n200_lr0.1_L1.0_mcw1.0/summary.csv,0.09702640890066272
1.0*,0.3,15.0,10,both,True,True,False,8,400,0.05,1.0,1.0,105,465378,114607,0.9781933618477172,0.8388597015555433,/nfs/ihfs/home_metis/suzunyan/projects/muonisolation/output/muonbdt_scan_dr0.3_dz15.0_K10_d0on_iso_rw_nMAX/cfg03_d8_n400_lr0.05_L1.0_mcw1.0/summary.csv,0.13933366029217387
1.1,0.3,15.0,10,muon-off,True,True,False,6,200,0.1,1.0,1.0,104,465378,114607,0.9377347801210851,0.8371894990180561,/nfs/ihfs/home_metis/suzunyan/projects/muonisolation/output/muonbdt_scan_dr0.3_dz15.0_K10_d0muOFF_iso_rw_v1.1_nMAX/cfg01_d6_n200_lr0.1_L1.0_mcw1.0/summary.csv,0.10054528110302907
1.0,0.2,5.0,10,both,True,True,False,2,400,0.1,1.0,1.0,105,465378,114607,0.8454975079215629,0.8338672643947715,/nfs/ihfs/home_metis/suzunyan/projects/muonisolation/output/muonbdt_scan_dr0.2_dz5.0_K10_d0on_iso_rw_v1.0_nMAX/cfg00_d2_n400_lr0.1_L1.0_mcw1.0/summary.csv,0.011630243526791317
1.0,0.2,5.0,10,both,True,True,False,3,200,0.1,1.0,1.0,105,465378,114607,0.8497062271144007,0.833169938423042,/nfs/ihfs/home_metis/suzunyan/projects/muonisolation/output/muonbdt_scan_dr0.2_dz5.0_K10_d0on_iso_rw_v1.0_nMAX/cfg01_d3_n200_lr0.1_L1.0_mcw1.0/summary.csv,0.016536288691358703
1.0,0.2,10.0,10,both,True,True,False,3,200,0.1,1.0,1.0,105,465378,114607,0.8502216037446317,0.832622816270488,/nfs/ihfs/home_metis/suzunyan/projects/muonisolation/output/muonbdt_scan_dr0.2_dz10.0_K10_d0on_iso_rw_v1.0_nMAX/cfg01_d3_n200_lr0.1_L1.0_mcw1.0/summary.csv,0.017598787474143784
1.0,0.2,10.0,10,both,True,True,False,2,400,0.1,1.0,1.0,105,465378,114607,0.8468844529391752,0.8314775911693886,/nfs/ihfs/home_metis/suzunyan/projects/muonisolation/output/muonbdt_scan_dr0.2_dz10.0_K10_d0on_iso_rw_v1.0_nMAX/cfg00_d2_n400_lr0.1_L1.0_mcw1.0/summary.csv,0.015406861769786673
1.0,0.2,15.0,10,both,True,True,False,3,200,0.1,1.0,1.0,105,465378,114607,0.8517512423036026,0.8306832607014634,/nfs/ihfs/home_metis/suzunyan/projects/muonisolation/output/muonbdt_scan_dr0.2_dz15.0_K10_d0on_iso_rw_v1.0_nMAX/cfg01_d3_n200_lr0.1_L1.0_mcw1.0/summary.csv,0.021067981602139185
1.0,0.2,15.0,10,both,True,True,False,2,400,0.1,1.0,1.0,105,465378,114607,0.846625431126059,0.8304279869670079,/nfs/ihfs/home_metis/suzunyan/projects/muonisolation/output/muonbdt_scan_dr0.2_dz15.0_K10_d0on_iso_rw_v1.0_nMAX/cfg00_d2_n400_lr0.1_L1.0_mcw1.0/summary.csv,0.01619744415905111
1.0,0.2,25.0,10,both,True,True,False,3,200,0.1,1.0,1.0,105,465378,114607,0.8525735403124535,0.8297238384284104,/nfs/ihfs/home_metis/suzunyan/projects/muonisolation/output/muonbdt_scan_dr0.2_dz25.0_K10_d0on_iso_rw_v1.0_nMAX/cfg01_d3_n200_lr0.1_L1.0_mcw1.0/summary.csv,0.022849701884043117
1.0,0.2,20.0,10,both,True,True,False,2,400,0.1,1.0,1.0,105,465378,114607,0.8465543255808637,0.829074129679496,/nfs/ihfs/home_metis/suzunyan/projects/muonisolation/output/muonbdt_scan_dr0.2_dz20.0_K10_d0on_iso_rw_v1.0_nMAX/cfg00_d2_n400_lr0.1_L1.0_mcw1.0/summary.csv,0.017480195901367734
1.0,0.2,25.0,10,both,True,True,False,2,400,0.1,1.0,1.0,105,465378,114607,0.8453221978153614,0.8285623846831142,/nfs/ihfs/home_metis/suzunyan/projects/muonisolation/output/muonbdt_scan_dr0.2_dz25.0_K10_d0on_iso_rw_v1.0_nMAX/cfg00_d2_n400_lr0.1_L1.0_mcw1.0/summary.csv,0.01675981313224728
1.0,0.2,30.0,10,both,True,True,False,3,200,0.1,1.0,1.0,105,465378,114607,0.8524597828109403,0.8282806412976212,/nfs/ihfs/home_metis/suzunyan/projects/muonisolation/output/muonbdt_scan_dr0.2_dz30.0_K10_d0on_iso_rw_v1.0_nMAX/cfg01_d3_n200_lr0.1_L1.0_mcw1.0/summary.csv,0.024179141513319014
1.0,0.2,20.0,10,both,True,True,False,3,200,0.1,1.0,1.0,105,465378,114607,0.8524634827279992,0.8281121787627788,/nfs/ihfs/home_metis/suzunyan/projects/muonisolation/output/muonbdt_scan_dr0.2_dz20.0_K10_d0on_iso_rw_v1.0_nMAX/cfg01_d3_n200_lr0.1_L1.0_mcw1.0/summary.csv,0.02435130396522045
1.0,0.2,35.0,10,both,True,True,False,3,200,0.1,1.0,1.0,105,465378,114607,0.8515956048554656,0.8277563270338172,/nfs/ihfs/home_metis/suzunyan/projects/muonisolation/output/muonbdt_scan_dr0.2_dz35.0_K10_d0on_iso_rw_v1.0_nMAX/cfg01_d3_n200_lr0.1_L1.0_mcw1.0/summary.csv,0.023839277821648408
1.0,0.2,30.0,10,both,True,True,False,2,400,0.1,1.0,1.0,105,465378,114607,0.8464181570272431,0.8277345186749686,/nfs/ihfs/home_metis/suzunyan/projects/muonisolation/output/muonbdt_scan_dr0.2_dz30.0_K10_d0on_iso_rw_v1.0_nMAX/cfg00_d2_n400_lr0.1_L1.0_mcw1.0/summary.csv,0.01868363835227449
1.0,0.2,35.0,10,both,True,True,False,2,400,0.1,1.0,1.0,105,465378,114607,0.8444587325181218,0.8274341945295686,/nfs/ihfs/home_metis/suzunyan/projects/muonisolation/output/muonbdt_scan_dr0.2_dz35.0_K10_d0on_iso_rw_v1.0_nMAX/cfg00_d2_n400_lr0.1_L1.0_mcw1.0/summary.csv,0.01702453798855319
1.1,0.3,15.0,10,muon-off,True,True,False,8,200,0.1,1.0,1.0,104,465378,114607,0.9751862440846398,0.8245280625343312,/nfs/ihfs/home_metis/suzunyan/projects/muonisolation/output/muonbdt_scan_dr0.3_dz15.0_K10_d0muOFF_iso_rw_v1.1_nMAX/cfg02_d8_n200_lr0.1_L1.0_mcw1.0/summary.csv,0.15065818155030863
1.1,0.3,15.0,10,none,True,True,False,8,200,0.1,1.0,1.0,84,465378,114607,0.9745919931852115,0.8239313240991591,/nfs/ihfs/home_metis/suzunyan/projects/muonisolation/output/muonbdt_scan_dr0.3_dz15.0_K10_d0off_iso_rw_v1.1_nMAX/cfg02_d8_n200_lr0.1_L1.0_mcw1.0/summary.csv,0.15066066908605236
1.0,0.2,10.0,10,none,True,True,False,3,200,0.1,1.0,1.0,84,465378,114607,0.8407014867980002,0.8204379384680042,/nfs/ihfs/home_metis/suzunyan/projects/muonisolation/output/muonbdt_scan_dr0.2_dz10.0_K10_d0off_iso_rw_v1.0_nMAX/cfg01_d3_n200_lr0.1_L1.0_mcw1.0/summary.csv,0.020263548329995995
1.0,0.2,10.0,10,muon-off,True,True,False,2,400,0.1,1.0,1.0,104,465378,114607,0.8366104756514295,0.8193538254361438,/nfs/ihfs/home_metis/suzunyan/projects/muonisolation/output/muonbdt_scan_dr0.2_dz10.0_K10_d0muOFF_iso_rw_v1.0_nMAX/cfg00_d2_n400_lr0.1_L1.0_mcw1.0/summary.csv,0.017256650215285774
1.0,0.2,10.0,10,none,True,True,False,2,400,0.1,1.0,1.0,84,465378,114607,0.8364394868896905,0.8190198917996239,/nfs/ihfs/home_metis/suzunyan/projects/muonisolation/output/muonbdt_scan_dr0.2_dz10.0_K10_d0off_iso_rw_v1.0_nMAX/cfg00_d2_n400_lr0.1_L1.0_mcw1.0/summary.csv,0.01741959509006663
1.0,0.2,5.0,10,muon-off,True,True,False,2,400,0.1,1.0,1.0,104,465378,114607,0.8336909599071047,0.818480026377284,/nfs/ihfs/home_metis/suzunyan/projects/muonisolation/output/muonbdt_scan_dr0.2_dz5.0_K10_d0muOFF_iso_rw_v1.0_nMAX/cfg00_d2_n400_lr0.1_L1.0_mcw1.0/summary.csv,0.015210933529820725
1.0,0.2,15.0,10,none,True,True,False,2,400,0.1,1.0,1.0,84,465378,114607,0.8351654440661815,0.8183513088727168,/nfs/ihfs/home_metis/suzunyan/projects/muonisolation/output/muonbdt_scan_dr0.2_dz15.0_K10_d0off_iso_rw_v1.0_nMAX/cfg00_d2_n400_lr0.1_L1.0_mcw1.0/summary.csv,0.016814135193464752
1.0,0.2,10.0,10,muon-off,True,True,False,3,200,0.1,1.0,1.0,104,465378,114607,0.8408970573473823,0.8179043353223485,/nfs/ihfs/home_metis/suzunyan/projects/muonisolation/output/muonbdt_scan_dr0.2_dz10.0_K10_d0muOFF_iso_rw_v1.0_nMAX/cfg01_d3_n200_lr0.1_L1.0_mcw1.0/summary.csv,0.022992722025033774
1.0,0.2,5.0,10,muon-off,True,True,False,3,200,0.1,1.0,1.0,104,465378,114607,0.8383162326129548,0.817796266817365,/nfs/ihfs/home_metis/suzunyan/projects/muonisolation/output/muonbdt_scan_dr0.2_dz5.0_K10_d0muOFF_iso_rw_v1.0_nMAX/cfg01_d3_n200_lr0.1_L1.0_mcw1.0/summary.csv,0.0205199657955899
1.0,0.2,15.0,10,muon-off,True,True,False,2,400,0.1,1.0,1.0,104,465378,114607,0.836472236701497,0.8177237901647135,/nfs/ihfs/home_metis/suzunyan/projects/muonisolation/output/muonbdt_scan_dr0.2_dz15.0_K10_d0muOFF_iso_rw_v1.0_nMAX/cfg00_d2_n400_lr0.1_L1.0_mcw1.0/summary.csv,0.018748446536783425
1.0,0.2,5.0,10,none,True,True,False,2,400,0.1,1.0,1.0,84,465378,114607,0.8328318995458625,0.8176420601075582,/nfs/ihfs/home_metis/suzunyan/projects/muonisolation/output/muonbdt_scan_dr0.2_dz5.0_K10_d0off_iso_rw_v1.0_nMAX/cfg00_d2_n400_lr0.1_L1.0_mcw1.0/summary.csv,0.015189839438304209
1.0,0.2,5.0,10,none,True,True,False,3,200,0.1,1.0,1.0,84,465378,114607,0.8374069189013721,0.8173170959995082,/nfs/ihfs/home_metis/suzunyan/projects/muonisolation/output/muonbdt_scan_dr0.2_dz5.0_K10_d0off_iso_rw_v1.0_nMAX/cfg01_d3_n200_lr0.1_L1.0_mcw1.0/summary.csv,0.020089822901863896
1.0,0.2,25.0,10,none,True,True,False,3,200,0.1,1.0,1.0,84,465378,114607,0.8408139155026184,0.8172434528310532,/nfs/ihfs/home_metis/suzunyan/projects/muonisolation/output/muonbdt_scan_dr0.2_dz25.0_K10_d0off_iso_rw_v1.0_nMAX/cfg01_d3_n200_lr0.1_L1.0_mcw1.0/summary.csv,0.023570462671565262
1.0,0.2,15.0,10,muon-off,True,True,False,3,200,0.1,1.0,1.0,104,465378,114607,0.8418625122503174,0.8171358399590317,/nfs/ihfs/home_metis/suzunyan/projects/muonisolation/output/muonbdt_scan_dr0.2_dz15.0_K10_d0muOFF_iso_rw_v1.0_nMAX/cfg01_d3_n200_lr0.1_L1.0_mcw1.0/summary.csv,0.024726672291285667
1.0,0.2,25.0,10,muon-off,True,True,False,3,200,0.1,1.0,1.0,104,465378,114607,0.8416665318232863,0.8168877132211975,/nfs/ihfs/home_metis/suzunyan/projects/muonisolation/output/muonbdt_scan_dr0.2_dz25.0_K10_d0muOFF_iso_rw_v1.0_nMAX/cfg01_d3_n200_lr0.1_L1.0_mcw1.0/summary.csv,0.02477881860208886
1.0,0.2,25.0,10,none,True,True,False,2,400,0.1,1.0,1.0,84,465378,114607,0.8358440427908834,0.81678491431419,/nfs/ihfs/home_metis/suzunyan/projects/muonisolation/output/muonbdt_scan_dr0.2_dz25.0_K10_d0off_iso_rw_v1.0_nMAX/cfg00_d2_n400_lr0.1_L1.0_mcw1.0/summary.csv,0.019059128476693443
1.0,0.2,20.0,10,muon-off,True,True,False,3,200,0.1,1.0,1.0,104,465378,114607,0.8416488647744212,0.8166441261143947,/nfs/ihfs/home_metis/suzunyan/projects/muonisolation/output/muonbdt_scan_dr0.2_dz20.0_K10_d0muOFF_iso_rw_v1.0_nMAX/cfg01_d3_n200_lr0.1_L1.0_mcw1.0/summary.csv,0.025004738660026504
1.0,0.2,20.0,10,none,True,True,False,3,200,0.1,1.0,1.0,84,465378,114607,0.8412382608044324,0.8166319695407026,/nfs/ihfs/home_metis/suzunyan/projects/muonisolation/output/muonbdt_scan_dr0.2_dz20.0_K10_d0off_iso_rw_v1.0_nMAX/cfg01_d3_n200_lr0.1_L1.0_mcw1.0/summary.csv,0.024606291263729818
1.0,0.2,20.0,10,none,True,True,False,2,400,0.1,1.0,1.0,84,465378,114607,0.8356600441599771,0.8165724199824071,/nfs/ihfs/home_metis/suzunyan/projects/muonisolation/output/muonbdt_scan_dr0.2_dz20.0_K10_d0off_iso_rw_v1.0_nMAX/cfg00_d2_n400_lr0.1_L1.0_mcw1.0/summary.csv,0.01908762417756993
1.0,0.2,35.0,10,none,True,True,False,2,400,0.1,1.0,1.0,84,465378,114607,0.8357849550346531,0.8164189527815968,/nfs/ihfs/home_metis/suzunyan/projects/muonisolation/output/muonbdt_scan_dr0.2_dz35.0_K10_d0off_iso_rw_v1.0_nMAX/cfg00_d2_n400_lr0.1_L1.0_mcw1.0/summary.csv,0.01936600225305629
1.0,0.2,35.0,10,muon-off,True,True,False,2,400,0.1,1.0,1.0,104,465378,114607,0.8363390476204937,0.8163987498729236,/nfs/ihfs/home_metis/suzunyan/projects/muonisolation/output/muonbdt_scan_dr0.2_dz35.0_K10_d0muOFF_iso_rw_v1.0_nMAX/cfg00_d2_n400_lr0.1_L1.0_mcw1.0/summary.csv,0.019940297747570113
1.0,0.2,25.0,10,muon-off,True,True,False,2,400,0.1,1.0,1.0,104,465378,114607,0.8365924707105956,0.8163480935066854,/nfs/ihfs/home_metis/suzunyan/projects/muonisolation/output/muonbdt_scan_dr0.2_dz25.0_K10_d0muOFF_iso_rw_v1.0_nMAX/cfg00_d2_n400_lr0.1_L1.0_mcw1.0/summary.csv,0.020244377203910258
1.0,0.2,35.0,10,none,True,True,False,3,200,0.1,1.0,1.0,84,465378,114607,0.8417506509103876,0.8163307078887365,/nfs/ihfs/home_metis/suzunyan/projects/muonisolation/output/muonbdt_scan_dr0.2_dz35.0_K10_d0off_iso_rw_v1.0_nMAX/cfg01_d3_n200_lr0.1_L1.0_mcw1.0/summary.csv,0.02541994302165107
1.0,0.2,15.0,10,none,True,True,False,3,200,0.1,1.0,1.0,84,465378,114607,0.8407939196435403,0.8158526033951421,/nfs/ihfs/home_metis/suzunyan/projects/muonisolation/output/muonbdt_scan_dr0.2_dz15.0_K10_d0off_iso_rw_v1.0_nMAX/cfg01_d3_n200_lr0.1_L1.0_mcw1.0/summary.csv,0.024941316248398238
1.0,0.2,20.0,10,muon-off,True,True,False,2,400,0.1,1.0,1.0,104,465378,114607,0.8364713051480299,0.8156643721149727,/nfs/ihfs/home_metis/suzunyan/projects/muonisolation/output/muonbdt_scan_dr0.2_dz20.0_K10_d0muOFF_iso_rw_v1.0_nMAX/cfg00_d2_n400_lr0.1_L1.0_mcw1.0/summary.csv,0.02080693303305725
1.0,0.2,30.0,10,muon-off,True,True,False,2,400,0.1,1.0,1.0,104,465378,114607,0.8363551835780112,0.8154259162463982,/nfs/ihfs/home_metis/suzunyan/projects/muonisolation/output/muonbdt_scan_dr0.2_dz30.0_K10_d0muOFF_iso_rw_v1.0_nMAX/cfg00_d2_n400_lr0.1_L1.0_mcw1.0/summary.csv,0.020929267331613044
1.0,0.2,30.0,10,none,True,True,False,2,400,0.1,1.0,1.0,84,465378,114607,0.8357977003197179,0.8154065267976209,/nfs/ihfs/home_metis/suzunyan/projects/muonisolation/output/muonbdt_scan_dr0.2_dz30.0_K10_d0off_iso_rw_v1.0_nMAX/cfg00_d2_n400_lr0.1_L1.0_mcw1.0/summary.csv,0.02039117352209696
1.0,0.2,30.0,10,muon-off,True,True,False,3,200,0.1,1.0,1.0,104,465378,114607,0.842706610167541,0.8153039545143379,/nfs/ihfs/home_metis/suzunyan/projects/muonisolation/output/muonbdt_scan_dr0.2_dz30.0_K10_d0muOFF_iso_rw_v1.0_nMAX/cfg01_d3_n200_lr0.1_L1.0_mcw1.0/summary.csv,0.0274026556532031
1.0,0.2,30.0,10,none,True,True,False,3,200,0.1,1.0,1.0,84,465378,114607,0.8412199592532138,0.8150178981215384,/nfs/ihfs/home_metis/suzunyan/projects/muonisolation/output/muonbdt_scan_dr0.2_dz30.0_K10_d0off_iso_rw_v1.0_nMAX/cfg01_d3_n200_lr0.1_L1.0_mcw1.0/summary.csv,0.026202061131675447
1.0,0.2,35.0,10,muon-off,True,True,False,3,200,0.1,1.0,1.0,104,465378,114607,0.8420480772308637,0.8146591670785175,/nfs/ihfs/home_metis/suzunyan/projects/muonisolation/output/muonbdt_scan_dr0.2_dz35.0_K10_d0muOFF_iso_rw_v1.0_nMAX/cfg01_d3_n200_lr0.1_L1.0_mcw1.0/summary.csv,0.027388910152346235
